date,revenue,discount_rate,coupon_rate
2018-01-01,3316,0.2466,0.1563
2018-01-02,3206,0.2466,0.1563
2018-01-03,3381,0.2466,0.1563
2018-01-04,3573,0.2466,0.1563
2018-01-05,3239,0.2466,0.1563
2018-01-06,3256,0.2466,0.1563
2018-01-07,3636,0.2466,0.1563
2018-01-08,3490,0.2466,0.1563
2018-01-09,3260,0.2466,0.1563
2018-01-10,3479,0.2466,0.1563
2018-01-11,3295,0.2466,0.1563
2018-01-12,3311,0.2466,0.1563
2018-01-13,3470,0.2466,0.1563
2018-01-14,3056,0.2466,0.1563
2018-01-15,3110,0.2466,0.1563
2018-01-16,3359,0.2466,0.1563
2018-01-17,3285,0.2466,0.1563
2018-01-18,3567,0.2466,0.1563
2018-01-19,3339,0.2466,0.1563
2018-01-20,3255,0.2466,0.1563
2018-01-21,3846,0.2466,0.1563
2018-01-22,3524,0.2466,0.1563
2018-01-23,3599,0.2466,0.1563
2018-01-24,3316,0.2466,0.1563
2018-01-25,3508,0.2466,0.1563
2018-01-26,3654,0.2466,0.1563
2018-01-27,3418,0.2466,0.1563
2018-01-28,3738,0.2466,0.1563
2018-01-29,3558,0.2466,0.1563
2018-01-30,3635,0.2466,0.1563
2018-01-31,3588,0.2466,0.1563
2018-02-01,4093,0.3171,0.0491
2018-02-02,3735,0.3171,0.0491
2018-02-03,3540,0.3171,0.0491
2018-02-04,3931,0.3171,0.0491
2018-02-05,3536,0.3171,0.0491
2018-02-06,3836,0.3171,0.0491
2018-02-07,3416,0.3171,0.0491
2018-02-08,3556,0.3171,0.0491
2018-02-09,3874,0.3171,0.0491
2018-02-10,3996,0.3171,0.0491
2018-02-11,3895,0.3171,0.0491
2018-02-12,3851,0.3171,0.0491
2018-02-13,3826,0.3171,0.0491
2018-02-14,3603,0.3171,0.0491
2018-02-15,3767,0.3171,0.0491
2018-02-16,3831,0.3171,0.0491
2018-02-17,4146,0.3171,0.0491
2018-02-18,4015,0.3171,0.0491
2018-02-19,3605,0.3171,0.0491
2018-02-20,4034,0.3171,0.0491
2018-02-21,3903,0.3171,0.0491
2018-02-22,3855,0.3171,0.0491
2018-02-23,4123,0.3171,0.0491
2018-02-24,4217,0.3171,0.0491
2018-02-25,4207,0.3171,0.0491
2018-02-26,3863,0.3171,0.0491
2018-02-27,3978,0.3171,0.0491
2018-02-28,4116,0.3171,0.0491
2018-03-01,4253,0.0829,0.1058
2018-03-02,3971,0.0829,0.1058
2018-03-03,4038,0.0829,0.1058
2018-03-04,3862,0.0829,0.1058
2018-03-05,3852,0.0829,0.1058
2018-03-06,4262,0.0829,0.1058
2018-03-07,4378,0.0829,0.1058
2018-03-08,4099,0.0829,0.1058
2018-03-09,4321,0.0829,0.1058
2018-03-10,4199,0.0829,0.1058
2018-03-11,4004,0.0829,0.1058
2018-03-12,4212,0.0829,0.1058
2018-03-13,4453,0.0829,0.1058
2018-03-14,4143,0.0829,0.1058
2018-03-15,4469,0.0829,0.1058
2018-03-16,3637,0.0829,0.1058
2018-03-17,4330,0.0829,0.1058
2018-03-18,4187,0.0829,0.1058
2018-03-19,4114,0.0829,0.1058
2018-03-20,4196,0.0829,0.1058
2018-03-21,3783,0.0829,0.1058
2018-03-22,4140,0.0829,0.1058
2018-03-23,4258,0.0829,0.1058
2018-03-24,4485,0.0829,0.1058
2018-03-25,4088,0.0829,0.1058
2018-03-26,4032,0.0829,0.1058
2018-03-27,4095,0.0829,0.1058
2018-03-28,4380,0.0829,0.1058
2018-03-29,4264,0.0829,0.1058
2018-03-30,4093,0.0829,0.1058
2018-03-31,4302,0.0829,0.1058
2018-04-01,4219,0.3301,0.1493
2018-04-02,4393,0.3301,0.1493
2018-04-03,4059,0.3301,0.1493
2018-04-04,4133,0.3301,0.1493
2018-04-05,4119,0.3301,0.1493
2018-04-06,3903,0.3301,0.1493
2018-04-07,4254,0.3301,0.1493
2018-04-08,4245,0.3301,0.1493
2018-04-09,4192,0.3301,0.1493
2018-04-10,4141,0.3301,0.1493
2018-04-11,3902,0.3301,0.1493
2018-04-12,4098,0.3301,0.1493
2018-04-13,4111,0.3301,0.1493
2018-04-14,4015,0.3301,0.1493
2018-04-15,4139,0.3301,0.1493
2018-04-16,4248,0.3301,0.1493
2018-04-17,4540,0.3301,0.1493
2018-04-18,4193,0.3301,0.1493
2018-04-19,4205,0.3301,0.1493
2018-04-20,4133,0.3301,0.1493
2018-04-21,3759,0.3301,0.1493
2018-04-22,4131,0.3301,0.1493
2018-04-23,4142,0.3301,0.1493
2018-04-24,4616,0.3301,0.1493
2018-04-25,4079,0.3301,0.1493
2018-04-26,4170,0.3301,0.1493
2018-04-27,4096,0.3301,0.1493
2018-04-28,3862,0.3301,0.1493
2018-04-29,4316,0.3301,0.1493
2018-04-30,4230,0.3301,0.1493
2018-05-01,4229,0.4915,0.0645
2018-05-02,3881,0.4915,0.0645
2018-05-03,4334,0.4915,0.0645
2018-05-04,3764,0.4915,0.0645
2018-05-05,4153,0.4915,0.0645
2018-05-06,4464,0.4915,0.0645
2018-05-07,3818,0.4915,0.0645
2018-05-08,3893,0.4915,0.0645
2018-05-09,4016,0.4915,0.0645
2018-05-10,3884,0.4915,0.0645
2018-05-11,3664,0.4915,0.0645
2018-05-12,3977,0.4915,0.0645
2018-05-13,3740,0.4915,0.0645
2018-05-14,4035,0.4915,0.0645
2018-05-15,3745,0.4915,0.0645
2018-05-16,4227,0.4915,0.0645
2018-05-17,3748,0.4915,0.0645
2018-05-18,3828,0.4915,0.0645
2018-05-19,4043,0.4915,0.0645
2018-05-20,3621,0.4915,0.0645
2018-05-21,3900,0.4915,0.0645
2018-05-22,4103,0.4915,0.0645
2018-05-23,3507,0.4915,0.0645
2018-05-24,3852,0.4915,0.0645
2018-05-25,3853,0.4915,0.0645
2018-05-26,3944,0.4915,0.0645
2018-05-27,3526,0.4915,0.0645
2018-05-28,3495,0.4915,0.0645
2018-05-29,3849,0.4915,0.0645
2018-05-30,3790,0.4915,0.0645
2018-05-31,3766,0.4915,0.0645
2018-06-01,3770,0.1355,0.1353
2018-06-02,3550,0.1355,0.1353
2018-06-03,3717,0.1355,0.1353
2018-06-04,3714,0.1355,0.1353
2018-06-05,3497,0.1355,0.1353
2018-06-06,3998,0.1355,0.1353
2018-06-07,3704,0.1355,0.1353
2018-06-08,3355,0.1355,0.1353
2018-06-09,3709,0.1355,0.1353
2018-06-10,3366,0.1355,0.1353
2018-06-11,3703,0.1355,0.1353
2018-06-12,3761,0.1355,0.1353
2018-06-13,3348,0.1355,0.1353
2018-06-14,3689,0.1355,0.1353
2018-06-15,3562,0.1355,0.1353
2018-06-16,3628,0.1355,0.1353
2018-06-17,3826,0.1355,0.1353
2018-06-18,3381,0.1355,0.1353
2018-06-19,3262,0.1355,0.1353
2018-06-20,3218,0.1355,0.1353
2018-06-21,3216,0.1355,0.1353
2018-06-22,3347,0.1355,0.1353
2018-06-23,3414,0.1355,0.1353
2018-06-24,3384,0.1355,0.1353
2018-06-25,3477,0.1355,0.1353
2018-06-26,3297,0.1355,0.1353
2018-06-27,3568,0.1355,0.1353
2018-06-28,3207,0.1355,0.1353
2018-06-29,3787,0.1355,0.1353
2018-06-30,3350,0.1355,0.1353
2018-07-01,3037,0.4067,0.14
2018-07-02,2977,0.4067,0.14
2018-07-03,3270,0.4067,0.14
2018-07-04,3112,0.4067,0.14
2018-07-05,3282,0.4067,0.14
2018-07-06,3217,0.4067,0.14
2018-07-07,3090,0.4067,0.14
2018-07-08,2918,0.4067,0.14
2018-07-09,2768,0.4067,0.14
2018-07-10,2964,0.4067,0.14
2018-07-11,3208,0.4067,0.14
2018-07-12,3063,0.4067,0.14
2018-07-13,2754,0.4067,0.14
2018-07-14,3021,0.4067,0.14
2018-07-15,3046,0.4067,0.14
2018-07-16,2776,0.4067,0.14
2018-07-17,2967,0.4067,0.14
2018-07-18,2931,0.4067,0.14
2018-07-19,2674,0.4067,0.14
2018-07-20,2958,0.4067,0.14
2018-07-21,2982,0.4067,0.14
2018-07-22,3070,0.4067,0.14
2018-07-23,3049,0.4067,0.14
2018-07-24,2546,0.4067,0.14
2018-07-25,2618,0.4067,0.14
2018-07-26,2893,0.4067,0.14
2018-07-27,2877,0.4067,0.14
2018-07-28,2862,0.4067,0.14
2018-07-29,3514,0.4067,0.14
2018-07-30,2843,0.4067,0.14
2018-07-31,2940,0.4067,0.14
2018-08-01,2889,0.4586,0.0493
2018-08-02,2814,0.4586,0.0493
2018-08-03,2606,0.4586,0.0493
2018-08-04,2806,0.4586,0.0493
2018-08-05,2485,0.4586,0.0493
2018-08-06,2578,0.4586,0.0493
2018-08-07,2515,0.4586,0.0493
2018-08-08,2614,0.4586,0.0493
2018-08-09,3047,0.4586,0.0493
2018-08-10,2197,0.4586,0.0493
2018-08-11,2695,0.4586,0.0493
2018-08-12,2222,0.4586,0.0493
2018-08-13,2437,0.4586,0.0493
2018-08-14,2737,0.4586,0.0493
2018-08-15,2519,0.4586,0.0493
2018-08-16,2278,0.4586,0.0493
2018-08-17,2339,0.4586,0.0493
2018-08-18,2606,0.4586,0.0493
2018-08-19,2312,0.4586,0.0493
2018-08-20,2490,0.4586,0.0493
2018-08-21,2445,0.4586,0.0493
2018-08-22,2294,0.4586,0.0493
2018-08-23,2843,0.4586,0.0493
2018-08-24,2530,0.4586,0.0493
2018-08-25,1988,0.4586,0.0493
2018-08-26,2420,0.4586,0.0493
2018-08-27,2241,0.4586,0.0493
2018-08-28,2534,0.4586,0.0493
2018-08-29,2196,0.4586,0.0493
2018-08-30,2322,0.4586,0.0493
2018-08-31,2437,0.4586,0.0493
2018-09-01,2501,0.4747,0.1217
2018-09-02,2079,0.4747,0.1217
2018-09-03,2245,0.4747,0.1217
2018-09-04,2209,0.4747,0.1217
2018-09-05,2165,0.4747,0.1217
2018-09-06,2642,0.4747,0.1217
2018-09-07,2363,0.4747,0.1217
2018-09-08,2023,0.4747,0.1217
2018-09-09,2452,0.4747,0.1217
2018-09-10,2687,0.4747,0.1217
2018-09-11,2463,0.4747,0.1217
2018-09-12,1947,0.4747,0.1217
2018-09-13,2149,0.4747,0.1217
2018-09-14,2494,0.4747,0.1217
2018-09-15,2094,0.4747,0.1217
2018-09-16,2320,0.4747,0.1217
2018-09-17,2382,0.4747,0.1217
2018-09-18,2038,0.4747,0.1217
2018-09-19,2208,0.4747,0.1217
2018-09-20,1568,0.4747,0.1217
2018-09-21,2009,0.4747,0.1217
2018-09-22,2160,0.4747,0.1217
2018-09-23,1959,0.4747,0.1217
2018-09-24,2533,0.4747,0.1217
2018-09-25,1918,0.4747,0.1217
2018-09-26,2115,0.4747,0.1217
2018-09-27,2228,0.4747,0.1217
2018-09-28,2489,0.4747,0.1217
2018-09-29,1913,0.4747,0.1217
2018-09-30,2432,0.4747,0.1217
2018-10-01,2202,0.4821,0.1589
2018-10-02,2003,0.4821,0.1589
2018-10-03,2293,0.4821,0.1589
2018-10-04,2241,0.4821,0.1589
2018-10-05,2082,0.4821,0.1589
2018-10-06,2218,0.4821,0.1589
2018-10-07,2128,0.4821,0.1589
2018-10-08,2230,0.4821,0.1589
2018-10-09,2342,0.4821,0.1589
2018-10-10,2529,0.4821,0.1589
2018-10-11,1967,0.4821,0.1589
2018-10-12,2645,0.4821,0.1589
2018-10-13,1831,0.4821,0.1589
2018-10-14,2195,0.4821,0.1589
2018-10-15,2347,0.4821,0.1589
2018-10-16,2290,0.4821,0.1589
2018-10-17,2114,0.4821,0.1589
2018-10-18,2202,0.4821,0.1589
2018-10-19,2150,0.4821,0.1589
2018-10-20,2136,0.4821,0.1589
2018-10-21,2430,0.4821,0.1589
2018-10-22,2337,0.4821,0.1589
2018-10-23,2133,0.4821,0.1589
2018-10-24,2458,0.4821,0.1589
2018-10-25,2347,0.4821,0.1589
2018-10-26,2455,0.4821,0.1589
2018-10-27,2426,0.4821,0.1589
2018-10-28,2142,0.4821,0.1589
2018-10-29,2203,0.4821,0.1589
2018-10-30,2473,0.4821,0.1589
2018-10-31,2454,0.4821,0.1589
2018-11-01,2337,0.2847,0.1098
2018-11-02,2373,0.2847,0.1098
2018-11-03,2614,0.2847,0.1098
2018-11-04,2250,0.2847,0.1098
2018-11-05,2487,0.2847,0.1098
2018-11-06,2348,0.2847,0.1098
2018-11-07,2355,0.2847,0.1098
2018-11-08,2628,0.2847,0.1098
2018-11-09,2584,0.2847,0.1098
2018-11-10,2593,0.2847,0.1098
2018-11-11,2702,0.2847,0.1098
2018-11-12,2457,0.2847,0.1098
2018-11-13,2600,0.2847,0.1098
2018-11-14,2414,0.2847,0.1098
2018-11-15,2553,0.2847,0.1098
2018-11-16,2474,0.2847,0.1098
2018-11-17,2532,0.2847,0.1098
2018-11-18,2644,0.2847,0.1098
2018-11-19,2374,0.2847,0.1098
2018-11-20,2969,0.2847,0.1098
2018-11-21,2363,0.2847,0.1098
2018-11-22,2335,0.2847,0.1098
2018-11-23,2823,0.2847,0.1098
2018-11-24,2763,0.2847,0.1098
2018-11-25,2744,0.2847,0.1098
2018-11-26,2758,0.2847,0.1098
2018-11-27,2645,0.2847,0.1098
2018-11-28,2482,0.2847,0.1098
2018-11-29,2691,0.2847,0.1098
2018-11-30,2555,0.2847,0.1098
2018-12-01,2901,0.4898,0.0222
2018-12-02,2691,0.4898,0.0222
2018-12-03,2571,0.4898,0.0222
2018-12-04,2687,0.4898,0.0222
2018-12-05,2849,0.4898,0.0222
2018-12-06,2670,0.4898,0.0222
2018-12-07,2634,0.4898,0.0222
2018-12-08,2863,0.4898,0.0222
2018-12-09,2879,0.4898,0.0222
2018-12-10,2744,0.4898,0.0222
2018-12-11,2768,0.4898,0.0222
2018-12-12,2925,0.4898,0.0222
2018-12-13,2605,0.4898,0.0222
2018-12-14,2630,0.4898,0.0222
2018-12-15,2784,0.4898,0.0222
2018-12-16,2901,0.4898,0.0222
2018-12-17,3023,0.4898,0.0222
2018-12-18,3273,0.4898,0.0222
2018-12-19,3166,0.4898,0.0222
2018-12-20,2979,0.4898,0.0222
2018-12-21,3024,0.4898,0.0222
2018-12-22,2845,0.4898,0.0222
2018-12-23,3059,0.4898,0.0222
2018-12-24,3022,0.4898,0.0222
2018-12-25,3161,0.4898,0.0222
2018-12-26,2948,0.4898,0.0222
2018-12-27,3235,0.4898,0.0222
2018-12-28,3454,0.4898,0.0222
2018-12-29,3143,0.4898,0.0222
2018-12-30,3263,0.4898,0.0222
2018-12-31,3338,0.4898,0.0222
2019-01-01,3336,0.2466,0.1563
2019-01-02,3479,0.2466,0.1563
2019-01-03,3454,0.2466,0.1563
2019-01-04,3488,0.2466,0.1563
2019-01-05,3331,0.2466,0.1563
2019-01-06,3508,0.2466,0.1563
2019-01-07,3619,0.2466,0.1563
2019-01-08,3827,0.2466,0.1563
2019-01-09,3746,0.2466,0.1563
2019-01-10,4001,0.2466,0.1563
2019-01-11,3434,0.2466,0.1563
2019-01-12,3779,0.2466,0.1563
2019-01-13,3658,0.2466,0.1563
2019-01-14,4076,0.2466,0.1563
2019-01-15,3493,0.2466,0.1563
2019-01-16,3504,0.2466,0.1563
2019-01-17,3568,0.2466,0.1563
2019-01-18,3280,0.2466,0.1563
2019-01-19,3616,0.2466,0.1563
2019-01-20,3585,0.2466,0.1563
2019-01-21,3783,0.2466,0.1563
2019-01-22,3838,0.2466,0.1563
2019-01-23,4160,0.2466,0.1563
2019-01-24,3991,0.2466,0.1563
2019-01-25,3701,0.2466,0.1563
2019-01-26,3653,0.2466,0.1563
2019-01-27,3946,0.2466,0.1563
2019-01-28,3599,0.2466,0.1563
2019-01-29,4245,0.2466,0.1563
2019-01-30,4129,0.2466,0.1563
2019-01-31,3814,0.2466,0.1563
2019-02-01,3580,0.3171,0.0491
2019-02-02,4208,0.3171,0.0491
2019-02-03,3929,0.3171,0.0491
2019-02-04,4214,0.3171,0.0491
2019-02-05,3661,0.3171,0.0491
2019-02-06,3874,0.3171,0.0491
2019-02-07,4009,0.3171,0.0491
2019-02-08,4031,0.3171,0.0491
2019-02-09,3945,0.3171,0.0491
2019-02-10,4173,0.3171,0.0491
2019-02-11,3848,0.3171,0.0491
2019-02-12,4045,0.3171,0.0491
2019-02-13,4111,0.3171,0.0491
2019-02-14,4202,0.3171,0.0491
2019-02-15,4253,0.3171,0.0491
2019-02-16,3898,0.3171,0.0491
2019-02-17,3828,0.3171,0.0491
2019-02-18,4402,0.3171,0.0491
2019-02-19,4224,0.3171,0.0491
2019-02-20,4019,0.3171,0.0491
2019-02-21,4490,0.3171,0.0491
2019-02-22,4214,0.3171,0.0491
2019-02-23,4437,0.3171,0.0491
2019-02-24,4225,0.3171,0.0491
2019-02-25,4633,0.3171,0.0491
2019-02-26,4582,0.3171,0.0491
2019-02-27,4190,0.3171,0.0491
2019-02-28,4444,0.3171,0.0491
2019-03-01,4387,0.0829,0.1058
2019-03-02,4541,0.0829,0.1058
2019-03-03,4082,0.0829,0.1058
2019-03-04,4421,0.0829,0.1058
2019-03-05,4503,0.0829,0.1058
2019-03-06,3947,0.0829,0.1058
2019-03-07,4070,0.0829,0.1058
2019-03-08,3906,0.0829,0.1058
2019-03-09,4267,0.0829,0.1058
2019-03-10,4471,0.0829,0.1058
2019-03-11,4634,0.0829,0.1058
2019-03-12,4354,0.0829,0.1058
2019-03-13,4671,0.0829,0.1058
2019-03-14,4075,0.0829,0.1058
2019-03-15,4015,0.0829,0.1058
2019-03-16,4350,0.0829,0.1058
2019-03-17,4442,0.0829,0.1058
2019-03-18,4363,0.0829,0.1058
2019-03-19,3960,0.0829,0.1058
2019-03-20,4360,0.0829,0.1058
2019-03-21,4120,0.0829,0.1058
2019-03-22,4518,0.0829,0.1058
2019-03-23,4460,0.0829,0.1058
2019-03-24,4201,0.0829,0.1058
2019-03-25,4289,0.0829,0.1058
2019-03-26,4182,0.0829,0.1058
2019-03-27,4383,0.0829,0.1058
2019-03-28,4588,0.0829,0.1058
2019-03-29,4201,0.0829,0.1058
2019-03-30,4500,0.0829,0.1058
2019-03-31,4293,0.0829,0.1058
2019-04-01,4241,0.3301,0.1493
2019-04-02,4378,0.3301,0.1493
2019-04-03,4192,0.3301,0.1493
2019-04-04,4288,0.3301,0.1493
2019-04-05,4158,0.3301,0.1493
2019-04-06,4789,0.3301,0.1493
2019-04-07,4402,0.3301,0.1493
2019-04-08,4253,0.3301,0.1493
2019-04-09,4433,0.3301,0.1493
2019-04-10,4366,0.3301,0.1493
2019-04-11,4341,0.3301,0.1493
2019-04-12,4505,0.3301,0.1493
2019-04-13,4531,0.3301,0.1493
2019-04-14,4269,0.3301,0.1493
2019-04-15,4256,0.3301,0.1493
2019-04-16,4312,0.3301,0.1493
2019-04-17,3903,0.3301,0.1493
2019-04-18,4055,0.3301,0.1493
2019-04-19,4627,0.3301,0.1493
2019-04-20,4677,0.3301,0.1493
2019-04-21,4292,0.3301,0.1493
2019-04-22,4452,0.3301,0.1493
2019-04-23,4392,0.3301,0.1493
2019-04-24,4940,0.3301,0.1493
2019-04-25,4541,0.3301,0.1493
2019-04-26,4285,0.3301,0.1493
2019-04-27,4112,0.3301,0.1493
2019-04-28,3974,0.3301,0.1493
2019-04-29,4328,0.3301,0.1493
2019-04-30,4128,0.3301,0.1493
2019-05-01,3987,0.4915,0.0645
2019-05-02,4133,0.4915,0.0645
2019-05-03,4038,0.4915,0.0645
2019-05-04,4582,0.4915,0.0645
2019-05-05,4412,0.4915,0.0645
2019-05-06,4224,0.4915,0.0645
2019-05-07,4512,0.4915,0.0645
2019-05-08,4221,0.4915,0.0645
2019-05-09,4023,0.4915,0.0645
2019-05-10,4490,0.4915,0.0645
2019-05-11,4282,0.4915,0.0645
2019-05-12,3956,0.4915,0.0645
2019-05-13,4114,0.4915,0.0645
2019-05-14,3966,0.4915,0.0645
2019-05-15,3852,0.4915,0.0645
2019-05-16,4302,0.4915,0.0645
2019-05-17,4487,0.4915,0.0645
2019-05-18,3813,0.4915,0.0645
2019-05-19,4193,0.4915,0.0645
2019-05-20,3937,0.4915,0.0645
2019-05-21,3957,0.4915,0.0645
2019-05-22,3923,0.4915,0.0645
2019-05-23,3855,0.4915,0.0645
2019-05-24,4024,0.4915,0.0645
2019-05-25,3835,0.4915,0.0645
2019-05-26,4041,0.4915,0.0645
2019-05-27,3963,0.4915,0.0645
2019-05-28,3911,0.4915,0.0645
2019-05-29,3763,0.4915,0.0645
2019-05-30,3815,0.4915,0.0645
2019-05-31,4067,0.4915,0.0645
2019-06-01,4001,0.1355,0.1353
2019-06-02,3690,0.1355,0.1353
2019-06-03,3891,0.1355,0.1353
2019-06-04,4006,0.1355,0.1353
2019-06-05,3506,0.1355,0.1353
2019-06-06,3933,0.1355,0.1353
2019-06-07,3676,0.1355,0.1353
2019-06-08,3907,0.1355,0.1353
2019-06-09,3625,0.1355,0.1353
2019-06-10,3400,0.1355,0.1353
2019-06-11,3420,0.1355,0.1353
2019-06-12,3739,0.1355,0.1353
2019-06-13,3765,0.1355,0.1353
2019-06-14,3515,0.1355,0.1353
2019-06-15,3807,0.1355,0.1353
2019-06-16,3331,0.1355,0.1353
2019-06-17,3633,0.1355,0.1353
2019-06-18,3388,0.1355,0.1353
2019-06-19,3483,0.1355,0.1353
2019-06-20,3606,0.1355,0.1353
2019-06-21,3407,0.1355,0.1353
2019-06-22,3485,0.1355,0.1353
2019-06-23,3747,0.1355,0.1353
2019-06-24,3413,0.1355,0.1353
2019-06-25,3678,0.1355,0.1353
2019-06-26,3268,0.1355,0.1353
2019-06-27,3583,0.1355,0.1353
2019-06-28,3748,0.1355,0.1353
2019-06-29,2948,0.1355,0.1353
2019-06-30,3266,0.1355,0.1353
2019-07-01,3524,0.4067,0.14
2019-07-02,3350,0.4067,0.14
2019-07-03,3448,0.4067,0.14
2019-07-04,3236,0.4067,0.14
2019-07-05,3357,0.4067,0.14
2019-07-06,3291,0.4067,0.14
2019-07-07,3539,0.4067,0.14
2019-07-08,3339,0.4067,0.14
2019-07-09,3338,0.4067,0.14
2019-07-10,3171,0.4067,0.14
2019-07-11,3139,0.4067,0.14
2019-07-12,3133,0.4067,0.14
2019-07-13,3282,0.4067,0.14
2019-07-14,3102,0.4067,0.14
2019-07-15,3227,0.4067,0.14
2019-07-16,3568,0.4067,0.14
2019-07-17,3310,0.4067,0.14
2019-07-18,3054,0.4067,0.14
2019-07-19,3343,0.4067,0.14
2019-07-20,3005,0.4067,0.14
2019-07-21,2662,0.4067,0.14
2019-07-22,2852,0.4067,0.14
2019-07-23,2664,0.4067,0.14
2019-07-24,2951,0.4067,0.14
2019-07-25,3010,0.4067,0.14
2019-07-26,3325,0.4067,0.14
2019-07-27,3040,0.4067,0.14
2019-07-28,2915,0.4067,0.14
2019-07-29,3109,0.4067,0.14
2019-07-30,2486,0.4067,0.14
2019-07-31,2960,0.4067,0.14
2019-08-01,3052,0.4586,0.0493
2019-08-02,2588,0.4586,0.0493
2019-08-03,3098,0.4586,0.0493
2019-08-04,2922,0.4586,0.0493
2019-08-05,2757,0.4586,0.0493
2019-08-06,2952,0.4586,0.0493
2019-08-07,3266,0.4586,0.0493
2019-08-08,2834,0.4586,0.0493
2019-08-09,2834,0.4586,0.0493
2019-08-10,2679,0.4586,0.0493
2019-08-11,2587,0.4586,0.0493
2019-08-12,2910,0.4586,0.0493
2019-08-13,2560,0.4586,0.0493
2019-08-14,2733,0.4586,0.0493
2019-08-15,2611,0.4586,0.0493
2019-08-16,2790,0.4586,0.0493
2019-08-17,2749,0.4586,0.0493
2019-08-18,2877,0.4586,0.0493
2019-08-19,2556,0.4586,0.0493
2019-08-20,2593,0.4586,0.0493
2019-08-21,2440,0.4586,0.0493
2019-08-22,2536,0.4586,0.0493
2019-08-23,2689,0.4586,0.0493
2019-08-24,2755,0.4586,0.0493
2019-08-25,2409,0.4586,0.0493
2019-08-26,2757,0.4586,0.0493
2019-08-27,2844,0.4586,0.0493
2019-08-28,2646,0.4586,0.0493
2019-08-29,2930,0.4586,0.0493
2019-08-30,2390,0.4586,0.0493
2019-08-31,2287,0.4586,0.0493
2019-09-01,2172,0.4747,0.1217
2019-09-02,2819,0.4747,0.1217
2019-09-03,2642,0.4747,0.1217
2019-09-04,2493,0.4747,0.1217
2019-09-05,2552,0.4747,0.1217
2019-09-06,2264,0.4747,0.1217
2019-09-07,2971,0.4747,0.1217
2019-09-08,2501,0.4747,0.1217
2019-09-09,2491,0.4747,0.1217
2019-09-10,2608,0.4747,0.1217
2019-09-11,2553,0.4747,0.1217
2019-09-12,2496,0.4747,0.1217
2019-09-13,2288,0.4747,0.1217
2019-09-14,2535,0.4747,0.1217
2019-09-15,2812,0.4747,0.1217
2019-09-16,2701,0.4747,0.1217
2019-09-17,2746,0.4747,0.1217
2019-09-18,2321,0.4747,0.1217
2019-09-19,2222,0.4747,0.1217
2019-09-20,2391,0.4747,0.1217
2019-09-21,2425,0.4747,0.1217
2019-09-22,2630,0.4747,0.1217
2019-09-23,2070,0.4747,0.1217
2019-09-24,2712,0.4747,0.1217
2019-09-25,2373,0.4747,0.1217
2019-09-26,2317,0.4747,0.1217
2019-09-27,2199,0.4747,0.1217
2019-09-28,2070,0.4747,0.1217
2019-09-29,2565,0.4747,0.1217
2019-09-30,2414,0.4747,0.1217
2019-10-01,2142,0.4821,0.1589
2019-10-02,2141,0.4821,0.1589
2019-10-03,2333,0.4821,0.1589
2019-10-04,2735,0.4821,0.1589
2019-10-05,2350,0.4821,0.1589
2019-10-06,2103,0.4821,0.1589
2019-10-07,2356,0.4821,0.1589
2019-10-08,2353,0.4821,0.1589
2019-10-09,1870,0.4821,0.1589
2019-10-10,2401,0.4821,0.1589
2019-10-11,2369,0.4821,0.1589
2019-10-12,2557,0.4821,0.1589
2019-10-13,2791,0.4821,0.1589
2019-10-14,2651,0.4821,0.1589
2019-10-15,2376,0.4821,0.1589
2019-10-16,2212,0.4821,0.1589
2019-10-17,2953,0.4821,0.1589
2019-10-18,2455,0.4821,0.1589
2019-10-19,2451,0.4821,0.1589
2019-10-20,2449,0.4821,0.1589
2019-10-21,2499,0.4821,0.1589
2019-10-22,2437,0.4821,0.1589
2019-10-23,2357,0.4821,0.1589
2019-10-24,2369,0.4821,0.1589
2019-10-25,2479,0.4821,0.1589
2019-10-26,2384,0.4821,0.1589
2019-10-27,2357,0.4821,0.1589
2019-10-28,2529,0.4821,0.1589
2019-10-29,2464,0.4821,0.1589
2019-10-30,2824,0.4821,0.1589
2019-10-31,2002,0.4821,0.1589
2019-11-01,2759,0.2847,0.1098
2019-11-02,2799,0.2847,0.1098
2019-11-03,2144,0.2847,0.1098
2019-11-04,2500,0.2847,0.1098
2019-11-05,2504,0.2847,0.1098
2019-11-06,2306,0.2847,0.1098
2019-11-07,2443,0.2847,0.1098
2019-11-08,2386,0.2847,0.1098
2019-11-09,2970,0.2847,0.1098
2019-11-10,2817,0.2847,0.1098
2019-11-11,2896,0.2847,0.1098
2019-11-12,2797,0.2847,0.1098
2019-11-13,2438,0.2847,0.1098
2019-11-14,2571,0.2847,0.1098
2019-11-15,2786,0.2847,0.1098
2019-11-16,2456,0.2847,0.1098
2019-11-17,2855,0.2847,0.1098
2019-11-18,2677,0.2847,0.1098
2019-11-19,2663,0.2847,0.1098
2019-11-20,2893,0.2847,0.1098
2019-11-21,2853,0.2847,0.1098
2019-11-22,2705,0.2847,0.1098
2019-11-23,3023,0.2847,0.1098
2019-11-24,2589,0.2847,0.1098
2019-11-25,2942,0.2847,0.1098
2019-11-26,2951,0.2847,0.1098
2019-11-27,2785,0.2847,0.1098
2019-11-28,2927,0.2847,0.1098
2019-11-29,2626,0.2847,0.1098
2019-11-30,3076,0.2847,0.1098
2019-12-01,2869,0.4898,0.0222
2019-12-02,2816,0.4898,0.0222
2019-12-03,3146,0.4898,0.0222
2019-12-04,2810,0.4898,0.0222
2019-12-05,2685,0.4898,0.0222
2019-12-06,2671,0.4898,0.0222
2019-12-07,3119,0.4898,0.0222
2019-12-08,2758,0.4898,0.0222
2019-12-09,3381,0.4898,0.0222
2019-12-10,2629,0.4898,0.0222
2019-12-11,3401,0.4898,0.0222
2019-12-12,3120,0.4898,0.0222
2019-12-13,3075,0.4898,0.0222
2019-12-14,3002,0.4898,0.0222
2019-12-15,3207,0.4898,0.0222
2019-12-16,3137,0.4898,0.0222
2019-12-17,3381,0.4898,0.0222
2019-12-18,3200,0.4898,0.0222
2019-12-19,3224,0.4898,0.0222
2019-12-20,3139,0.4898,0.0222
2019-12-21,3217,0.4898,0.0222
2019-12-22,3307,0.4898,0.0222
2019-12-23,2920,0.4898,0.0222
2019-12-24,3010,0.4898,0.0222
2019-12-25,3445,0.4898,0.0222
2019-12-26,3348,0.4898,0.0222
2019-12-27,3294,0.4898,0.0222
2019-12-28,3352,0.4898,0.0222
2019-12-29,3435,0.4898,0.0222
2019-12-30,3274,0.4898,0.0222
2019-12-31,3244,0.4898,0.0222
2020-01-01,3656,0.2466,0.1563
2020-01-02,3438,0.2466,0.1563
2020-01-03,3733,0.2466,0.1563
2020-01-04,3328,0.2466,0.1563
2020-01-05,3891,0.2466,0.1563
2020-01-06,3797,0.2466,0.1563
2020-01-07,3771,0.2466,0.1563
2020-01-08,3933,0.2466,0.1563
2020-01-09,4087,0.2466,0.1563
2020-01-10,3974,0.2466,0.1563
2020-01-11,3420,0.2466,0.1563
2020-01-12,3549,0.2466,0.1563
2020-01-13,3696,0.2466,0.1563
2020-01-14,3843,0.2466,0.1563
2020-01-15,3958,0.2466,0.1563
2020-01-16,3726,0.2466,0.1563
2020-01-17,3925,0.2466,0.1563
2020-01-18,3753,0.2466,0.1563
2020-01-19,3798,0.2466,0.1563
2020-01-20,3656,0.2466,0.1563
2020-01-21,3769,0.2466,0.1563
2020-01-22,3699,0.2466,0.1563
2020-01-23,3790,0.2466,0.1563
2020-01-24,4212,0.2466,0.1563
2020-01-25,3827,0.2466,0.1563
2020-01-26,4559,0.2466,0.1563
2020-01-27,4146,0.2466,0.1563
2020-01-28,4100,0.2466,0.1563
2020-01-29,3907,0.2466,0.1563
2020-01-30,4233,0.2466,0.1563
2020-01-31,3993,0.2466,0.1563
2020-02-01,4147,0.3171,0.0491
2020-02-02,4650,0.3171,0.0491
2020-02-03,4133,0.3171,0.0491
2020-02-04,4396,0.3171,0.0491
2020-02-05,4040,0.3171,0.0491
2020-02-06,4187,0.3171,0.0491
2020-02-07,4562,0.3171,0.0491
2020-02-08,4096,0.3171,0.0491
2020-02-09,4597,0.3171,0.0491
2020-02-10,4390,0.3171,0.0491
2020-02-11,4149,0.3171,0.0491
2020-02-12,4400,0.3171,0.0491
2020-02-13,4481,0.3171,0.0491
2020-02-14,4423,0.3171,0.0491
2020-02-15,3997,0.3171,0.0491
2020-02-16,4178,0.3171,0.0491
2020-02-17,4285,0.3171,0.0491
2020-02-18,4332,0.3171,0.0491
2020-02-19,4482,0.3171,0.0491
2020-02-20,4404,0.3171,0.0491
2020-02-21,4113,0.3171,0.0491
2020-02-22,4466,0.3171,0.0491
2020-02-23,4523,0.3171,0.0491
2020-02-24,4523,0.3171,0.0491
2020-02-25,4637,0.3171,0.0491
2020-02-26,4597,0.3171,0.0491
2020-02-27,4532,0.3171,0.0491
2020-02-28,4435,0.3171,0.0491
2020-02-29,4126,0.3171,0.0491
2020-03-01,4553,0.0829,0.1058
2020-03-02,4517,0.0829,0.1058
2020-03-03,4538,0.0829,0.1058
2020-03-04,4236,0.0829,0.1058
2020-03-05,4283,0.0829,0.1058
2020-03-06,4717,0.0829,0.1058
2020-03-07,4506,0.0829,0.1058
2020-03-08,4657,0.0829,0.1058
2020-03-09,4533,0.0829,0.1058
2020-03-10,4539,0.0829,0.1058
2020-03-11,4727,0.0829,0.1058
2020-03-12,4442,0.0829,0.1058
2020-03-13,4570,0.0829,0.1058
2020-03-14,4463,0.0829,0.1058
2020-03-15,4474,0.0829,0.1058
2020-03-16,4503,0.0829,0.1058
2020-03-17,4614,0.0829,0.1058
2020-03-18,4478,0.0829,0.1058
2020-03-19,4828,0.0829,0.1058
2020-03-20,4402,0.0829,0.1058
2020-03-21,4547,0.0829,0.1058
2020-03-22,4499,0.0829,0.1058
2020-03-23,4879,0.0829,0.1058
2020-03-24,4631,0.0829,0.1058
2020-03-25,4800,0.0829,0.1058
2020-03-26,4298,0.0829,0.1058
2020-03-27,4650,0.0829,0.1058
2020-03-28,4776,0.0829,0.1058
2020-03-29,4615,0.0829,0.1058
2020-03-30,4812,0.0829,0.1058
2020-03-31,4496,0.0829,0.1058
2020-04-01,4881,0.3301,0.1493
2020-04-02,5059,0.3301,0.1493
2020-04-03,4526,0.3301,0.1493
2020-04-04,4508,0.3301,0.1493
2020-04-05,4887,0.3301,0.1493
2020-04-06,4911,0.3301,0.1493
2020-04-07,4488,0.3301,0.1493
2020-04-08,4507,0.3301,0.1493
2020-04-09,4532,0.3301,0.1493
2020-04-10,4317,0.3301,0.1493
2020-04-11,4399,0.3301,0.1493
2020-04-12,4378,0.3301,0.1493
2020-04-13,4422,0.3301,0.1493
2020-04-14,4565,0.3301,0.1493
2020-04-15,4614,0.3301,0.1493
2020-04-16,4873,0.3301,0.1493
2020-04-17,4359,0.3301,0.1493
2020-04-18,4750,0.3301,0.1493
2020-04-19,4505,0.3301,0.1493
2020-04-20,4532,0.3301,0.1493
2020-04-21,4671,0.3301,0.1493
2020-04-22,4306,0.3301,0.1493
2020-04-23,4600,0.3301,0.1493
2020-04-24,4550,0.3301,0.1493
2020-04-25,4609,0.3301,0.1493
2020-04-26,4561,0.3301,0.1493
2020-04-27,4986,0.3301,0.1493
2020-04-28,4360,0.3301,0.1493
2020-04-29,4373,0.3301,0.1493
2020-04-30,4347,0.3301,0.1493
2020-05-01,4352,0.4915,0.0645
2020-05-02,4326,0.4915,0.0645
2020-05-03,4683,0.4915,0.0645
2020-05-04,4720,0.4915,0.0645
2020-05-05,4312,0.4915,0.0645
2020-05-06,4250,0.4915,0.0645
2020-05-07,4500,0.4915,0.0645
2020-05-08,4285,0.4915,0.0645
2020-05-09,4512,0.4915,0.0645
2020-05-10,4415,0.4915,0.0645
2020-05-11,4060,0.4915,0.0645
2020-05-12,4662,0.4915,0.0645
2020-05-13,4700,0.4915,0.0645
2020-05-14,4206,0.4915,0.0645
2020-05-15,4240,0.4915,0.0645
2020-05-16,4362,0.4915,0.0645
2020-05-17,4360,0.4915,0.0645
2020-05-18,4412,0.4915,0.0645
2020-05-19,4670,0.4915,0.0645
2020-05-20,4219,0.4915,0.0645
2020-05-21,4082,0.4915,0.0645
2020-05-22,3952,0.4915,0.0645
2020-05-23,4069,0.4915,0.0645
2020-05-24,4194,0.4915,0.0645
2020-05-25,4546,0.4915,0.0645
2020-05-26,4070,0.4915,0.0645
2020-05-27,4204,0.4915,0.0645
2020-05-28,4141,0.4915,0.0645
2020-05-29,4368,0.4915,0.0645
2020-05-30,4621,0.4915,0.0645
2020-05-31,3995,0.4915,0.0645
2020-06-01,3988,0.1355,0.1353
2020-06-02,4279,0.1355,0.1353
2020-06-03,4192,0.1355,0.1353
2020-06-04,4409,0.1355,0.1353
2020-06-05,4141,0.1355,0.1353
2020-06-06,3937,0.1355,0.1353
2020-06-07,4111,0.1355,0.1353
2020-06-08,4199,0.1355,0.1353
2020-06-09,4125,0.1355,0.1353
2020-06-10,4047,0.1355,0.1353
2020-06-11,4142,0.1355,0.1353
2020-06-12,4146,0.1355,0.1353
2020-06-13,4173,0.1355,0.1353
2020-06-14,4009,0.1355,0.1353
2020-06-15,3830,0.1355,0.1353
2020-06-16,3876,0.1355,0.1353
2020-06-17,4071,0.1355,0.1353
2020-06-18,3650,0.1355,0.1353
2020-06-19,3870,0.1355,0.1353
2020-06-20,3701,0.1355,0.1353
2020-06-21,3768,0.1355,0.1353
2020-06-22,4001,0.1355,0.1353
2020-06-23,3766,0.1355,0.1353
2020-06-24,3720,0.1355,0.1353
2020-06-25,3422,0.1355,0.1353
2020-06-26,3826,0.1355,0.1353
2020-06-27,3789,0.1355,0.1353
2020-06-28,4075,0.1355,0.1353
2020-06-29,3564,0.1355,0.1353
2020-06-30,3652,0.1355,0.1353
2020-07-01,3641,0.4067,0.14
2020-07-02,3889,0.4067,0.14
2020-07-03,3537,0.4067,0.14
2020-07-04,3595,0.4067,0.14
2020-07-05,3644,0.4067,0.14
2020-07-06,3542,0.4067,0.14
2020-07-07,3399,0.4067,0.14
2020-07-08,3510,0.4067,0.14
2020-07-09,3668,0.4067,0.14
2020-07-10,3231,0.4067,0.14
2020-07-11,3446,0.4067,0.14
2020-07-12,3263,0.4067,0.14
2020-07-13,3625,0.4067,0.14
2020-07-14,3065,0.4067,0.14
2020-07-15,3241,0.4067,0.14
2020-07-16,3411,0.4067,0.14
2020-07-17,3632,0.4067,0.14
2020-07-18,3290,0.4067,0.14
2020-07-19,3175,0.4067,0.14
2020-07-20,3646,0.4067,0.14
2020-07-21,2964,0.4067,0.14
2020-07-22,2798,0.4067,0.14
2020-07-23,3310,0.4067,0.14
2020-07-24,3105,0.4067,0.14
2020-07-25,2986,0.4067,0.14
2020-07-26,3316,0.4067,0.14
2020-07-27,3208,0.4067,0.14
2020-07-28,3031,0.4067,0.14
2020-07-29,2872,0.4067,0.14
2020-07-30,3288,0.4067,0.14
2020-07-31,3228,0.4067,0.14
2020-08-01,3064,0.4586,0.0493
2020-08-02,3438,0.4586,0.0493
2020-08-03,2840,0.4586,0.0493
2020-08-04,2735,0.4586,0.0493
2020-08-05,2887,0.4586,0.0493
2020-08-06,3003,0.4586,0.0493
2020-08-07,3047,0.4586,0.0493
2020-08-08,2936,0.4586,0.0493
2020-08-09,3041,0.4586,0.0493
2020-08-10,2707,0.4586,0.0493
2020-08-11,3233,0.4586,0.0493
2020-08-12,2915,0.4586,0.0493
2020-08-13,3142,0.4586,0.0493
2020-08-14,2975,0.4586,0.0493
2020-08-15,2985,0.4586,0.0493
2020-08-16,2996,0.4586,0.0493
2020-08-17,2959,0.4586,0.0493
2020-08-18,2987,0.4586,0.0493
2020-08-19,3113,0.4586,0.0493
2020-08-20,2875,0.4586,0.0493
2020-08-21,2966,0.4586,0.0493
2020-08-22,2796,0.4586,0.0493
2020-08-23,3091,0.4586,0.0493
2020-08-24,2658,0.4586,0.0493
2020-08-25,3143,0.4586,0.0493
2020-08-26,2765,0.4586,0.0493
2020-08-27,2477,0.4586,0.0493
2020-08-28,2780,0.4586,0.0493
2020-08-29,2609,0.4586,0.0493
2020-08-30,2904,0.4586,0.0493
2020-08-31,2597,0.4586,0.0493
2020-09-01,2630,0.4747,0.1217
2020-09-02,2334,0.4747,0.1217
2020-09-03,2613,0.4747,0.1217
2020-09-04,2211,0.4747,0.1217
2020-09-05,2372,0.4747,0.1217
2020-09-06,2834,0.4747,0.1217
2020-09-07,2832,0.4747,0.1217
2020-09-08,2754,0.4747,0.1217
2020-09-09,2469,0.4747,0.1217
2020-09-10,2647,0.4747,0.1217
2020-09-11,2650,0.4747,0.1217
2020-09-12,2414,0.4747,0.1217
2020-09-13,2941,0.4747,0.1217
2020-09-14,2812,0.4747,0.1217
2020-09-15,2587,0.4747,0.1217
2020-09-16,2633,0.4747,0.1217
2020-09-17,2665,0.4747,0.1217
2020-09-18,2212,0.4747,0.1217
2020-09-19,2567,0.4747,0.1217
2020-09-20,2477,0.4747,0.1217
2020-09-21,2410,0.4747,0.1217
2020-09-22,2552,0.4747,0.1217
2020-09-23,2966,0.4747,0.1217
2020-09-24,2733,0.4747,0.1217
2020-09-25,2489,0.4747,0.1217
2020-09-26,2716,0.4747,0.1217
2020-09-27,2880,0.4747,0.1217
2020-09-28,2785,0.4747,0.1217
2020-09-29,2612,0.4747,0.1217
2020-09-30,2470,0.4747,0.1217
2020-10-01,2739,0.4821,0.1589
2020-10-02,2679,0.4821,0.1589
2020-10-03,2780,0.4821,0.1589
2020-10-04,2729,0.4821,0.1589
2020-10-05,2813,0.4821,0.1589
2020-10-06,2498,0.4821,0.1589
2020-10-07,2871,0.4821,0.1589
2020-10-08,2649,0.4821,0.1589
2020-10-09,3027,0.4821,0.1589
2020-10-10,2477,0.4821,0.1589
2020-10-11,2965,0.4821,0.1589
2020-10-12,2661,0.4821,0.1589
2020-10-13,2495,0.4821,0.1589
2020-10-14,2533,0.4821,0.1589
2020-10-15,2570,0.4821,0.1589
2020-10-16,2723,0.4821,0.1589
2020-10-17,2748,0.4821,0.1589
2020-10-18,2534,0.4821,0.1589
2020-10-19,2649,0.4821,0.1589
2020-10-20,3088,0.4821,0.1589
2020-10-21,3011,0.4821,0.1589
2020-10-22,2759,0.4821,0.1589
2020-10-23,2686,0.4821,0.1589
2020-10-24,2709,0.4821,0.1589
2020-10-25,2815,0.4821,0.1589
2020-10-26,2495,0.4821,0.1589
2020-10-27,2656,0.4821,0.1589
2020-10-28,2382,0.4821,0.1589
2020-10-29,2803,0.4821,0.1589
2020-10-30,2861,0.4821,0.1589
2020-10-31,2644,0.4821,0.1589
2020-11-01,3064,0.2847,0.1098
2020-11-02,2514,0.2847,0.1098
2020-11-03,2475,0.2847,0.1098
2020-11-04,2823,0.2847,0.1098
2020-11-05,2997,0.2847,0.1098
2020-11-06,3135,0.2847,0.1098
2020-11-07,2717,0.2847,0.1098
2020-11-08,3035,0.2847,0.1098
2020-11-09,2822,0.2847,0.1098
2020-11-10,2807,0.2847,0.1098
2020-11-11,3029,0.2847,0.1098
2020-11-12,2995,0.2847,0.1098
2020-11-13,2561,0.2847,0.1098
2020-11-14,3183,0.2847,0.1098
2020-11-15,3176,0.2847,0.1098
2020-11-16,2787,0.2847,0.1098
2020-11-17,3004,0.2847,0.1098
2020-11-18,3037,0.2847,0.1098
2020-11-19,3003,0.2847,0.1098
2020-11-20,2854,0.2847,0.1098
2020-11-21,2843,0.2847,0.1098
2020-11-22,2986,0.2847,0.1098
2020-11-23,3239,0.2847,0.1098
2020-11-24,3127,0.2847,0.1098
2020-11-25,2959,0.2847,0.1098
2020-11-26,3201,0.2847,0.1098
2020-11-27,2492,0.2847,0.1098
2020-11-28,3306,0.2847,0.1098
2020-11-29,2743,0.2847,0.1098
2020-11-30,3033,0.2847,0.1098
2020-12-01,2897,0.4898,0.0222
2020-12-02,2877,0.4898,0.0222
2020-12-03,3383,0.4898,0.0222
2020-12-04,3073,0.4898,0.0222
2020-12-05,3252,0.4898,0.0222
2020-12-06,3189,0.4898,0.0222
2020-12-07,3309,0.4898,0.0222
2020-12-08,3245,0.4898,0.0222
2020-12-09,2989,0.4898,0.0222
2020-12-10,3461,0.4898,0.0222
2020-12-11,3179,0.4898,0.0222
2020-12-12,2983,0.4898,0.0222
2020-12-13,3225,0.4898,0.0222
2020-12-14,3628,0.4898,0.0222
2020-12-15,3514,0.4898,0.0222
2020-12-16,3291,0.4898,0.0222
2020-12-17,3308,0.4898,0.0222
2020-12-18,3330,0.4898,0.0222
2020-12-19,3827,0.4898,0.0222
2020-12-20,3505,0.4898,0.0222
2020-12-21,3531,0.4898,0.0222
2020-12-22,3668,0.4898,0.0222
2020-12-23,3527,0.4898,0.0222
2020-12-24,3445,0.4898,0.0222
2020-12-25,3474,0.4898,0.0222
2020-12-26,3516,0.4898,0.0222
2020-12-27,3540,0.4898,0.0222
2020-12-28,3711,0.4898,0.0222
2020-12-29,3593,0.4898,0.0222
2020-12-30,3746,0.4898,0.0222
2020-12-31,3601,0.4898,0.0222
2021-01-01,3832,0.2466,0.1563
2021-01-02,3434,0.2466,0.1563
2021-01-03,4034,0.2466,0.1563
2021-01-04,3938,0.2466,0.1563
2021-01-05,4085,0.2466,0.1563
2021-01-06,3323,0.2466,0.1563
2021-01-07,4337,0.2466,0.1563
2021-01-08,3909,0.2466,0.1563
2021-01-09,4175,0.2466,0.1563
2021-01-10,3763,0.2466,0.1563
2021-01-11,4110,0.2466,0.1563
2021-01-12,3794,0.2466,0.1563
2021-01-13,3897,0.2466,0.1563
2021-01-14,4421,0.2466,0.1563
2021-01-15,4017,0.2466,0.1563
2021-01-16,4115,0.2466,0.1563
2021-01-17,4262,0.2466,0.1563
2021-01-18,4204,0.2466,0.1563
2021-01-19,4151,0.2466,0.1563
2021-01-20,4210,0.2466,0.1563
2021-01-21,4634,0.2466,0.1563
2021-01-22,4158,0.2466,0.1563
2021-01-23,4225,0.2466,0.1563
2021-01-24,4411,0.2466,0.1563
2021-01-25,4438,0.2466,0.1563
2021-01-26,4470,0.2466,0.1563
2021-01-27,4375,0.2466,0.1563
2021-01-28,4034,0.2466,0.1563
2021-01-29,4605,0.2466,0.1563
2021-01-30,4064,0.2466,0.1563
2021-01-31,4369,0.2466,0.1563
2021-02-01,4172,0.3171,0.0491
2021-02-02,4325,0.3171,0.0491
2021-02-03,4418,0.3171,0.0491
2021-02-04,4430,0.3171,0.0491
2021-02-05,4465,0.3171,0.0491
2021-02-06,4717,0.3171,0.0491
2021-02-07,4499,0.3171,0.0491
2021-02-08,4373,0.3171,0.0491
2021-02-09,4628,0.3171,0.0491
2021-02-10,4686,0.3171,0.0491
2021-02-11,4216,0.3171,0.0491
2021-02-12,4593,0.3171,0.0491
2021-02-13,4627,0.3171,0.0491
2021-02-14,4439,0.3171,0.0491
2021-02-15,4786,0.3171,0.0491
2021-02-16,4493,0.3171,0.0491
2021-02-17,4560,0.3171,0.0491
2021-02-18,4512,0.3171,0.0491
2021-02-19,4561,0.3171,0.0491
2021-02-20,4350,0.3171,0.0491
2021-02-21,4292,0.3171,0.0491
2021-02-22,4909,0.3171,0.0491
2021-02-23,4431,0.3171,0.0491
2021-02-24,4413,0.3171,0.0491
2021-02-25,4190,0.3171,0.0491
2021-02-26,4503,0.3171,0.0491
2021-02-27,4376,0.3171,0.0491
2021-02-28,4978,0.3171,0.0491
2021-03-01,4860,0.0829,0.1058
2021-03-02,4529,0.0829,0.1058
2021-03-03,5126,0.0829,0.1058
2021-03-04,4880,0.0829,0.1058
2021-03-05,4627,0.0829,0.1058
2021-03-06,4199,0.0829,0.1058
2021-03-07,5165,0.0829,0.1058
2021-03-08,4436,0.0829,0.1058
2021-03-09,4391,0.0829,0.1058
2021-03-10,4932,0.0829,0.1058
2021-03-11,5221,0.0829,0.1058
2021-03-12,5016,0.0829,0.1058
2021-03-13,4858,0.0829,0.1058
2021-03-14,4870,0.0829,0.1058
2021-03-15,4926,0.0829,0.1058
2021-03-16,4912,0.0829,0.1058
2021-03-17,4821,0.0829,0.1058
2021-03-18,4790,0.0829,0.1058
2021-03-19,4761,0.0829,0.1058
2021-03-20,4627,0.0829,0.1058
2021-03-21,4725,0.0829,0.1058
2021-03-22,4445,0.0829,0.1058
2021-03-23,4767,0.0829,0.1058
2021-03-24,4592,0.0829,0.1058
2021-03-25,4571,0.0829,0.1058
2021-03-26,4830,0.0829,0.1058
2021-03-27,5074,0.0829,0.1058
2021-03-28,4980,0.0829,0.1058
2021-03-29,4484,0.0829,0.1058
2021-03-30,4601,0.0829,0.1058
2021-03-31,4987,0.0829,0.1058
2021-04-01,4603,0.3301,0.1493
2021-04-02,4754,0.3301,0.1493
2021-04-03,4909,0.3301,0.1493
2021-04-04,4605,0.3301,0.1493
2021-04-05,4818,0.3301,0.1493
2021-04-06,4529,0.3301,0.1493
2021-04-07,4674,0.3301,0.1493
2021-04-08,4857,0.3301,0.1493
2021-04-09,4472,0.3301,0.1493
2021-04-10,4876,0.3301,0.1493
2021-04-11,4782,0.3301,0.1493
2021-04-12,4893,0.3301,0.1493
2021-04-13,4824,0.3301,0.1493
2021-04-14,5048,0.3301,0.1493
2021-04-15,4797,0.3301,0.1493
2021-04-16,4682,0.3301,0.1493
2021-04-17,4787,0.3301,0.1493
2021-04-18,4867,0.3301,0.1493
2021-04-19,4763,0.3301,0.1493
2021-04-20,4756,0.3301,0.1493
2021-04-21,4602,0.3301,0.1493
2021-04-22,4604,0.3301,0.1493
2021-04-23,4450,0.3301,0.1493
2021-04-24,5074,0.3301,0.1493
2021-04-25,4468,0.3301,0.1493
2021-04-26,4572,0.3301,0.1493
2021-04-27,4559,0.3301,0.1493
2021-04-28,4874,0.3301,0.1493
2021-04-29,4629,0.3301,0.1493
2021-04-30,4929,0.3301,0.1493
2021-05-01,4537,0.4915,0.0645
2021-05-02,4718,0.4915,0.0645
2021-05-03,4487,0.4915,0.0645
2021-05-04,5074,0.4915,0.0645
2021-05-05,4398,0.4915,0.0645
2021-05-06,4688,0.4915,0.0645
2021-05-07,4743,0.4915,0.0645
2021-05-08,4689,0.4915,0.0645
2021-05-09,4559,0.4915,0.0645
2021-05-10,4559,0.4915,0.0645
2021-05-11,4583,0.4915,0.0645
2021-05-12,4534,0.4915,0.0645
2021-05-13,4745,0.4915,0.0645
2021-05-14,4983,0.4915,0.0645
2021-05-15,4418,0.4915,0.0645
2021-05-16,4243,0.4915,0.0645
2021-05-17,4487,0.4915,0.0645
2021-05-18,5009,0.4915,0.0645
2021-05-19,4320,0.4915,0.0645
2021-05-20,4795,0.4915,0.0645
2021-05-21,4790,0.4915,0.0645
2021-05-22,4331,0.4915,0.0645
2021-05-23,4542,0.4915,0.0645
2021-05-24,4740,0.4915,0.0645
2021-05-25,4325,0.4915,0.0645
2021-05-26,4347,0.4915,0.0645
2021-05-27,4257,0.4915,0.0645
2021-05-28,4156,0.4915,0.0645
2021-05-29,4215,0.4915,0.0645
2021-05-30,4085,0.4915,0.0645
2021-05-31,4322,0.4915,0.0645
2021-06-01,4147,0.1355,0.1353
2021-06-02,4333,0.1355,0.1353
2021-06-03,3959,0.1355,0.1353
2021-06-04,4322,0.1355,0.1353
2021-06-05,4407,0.1355,0.1353
2021-06-06,3826,0.1355,0.1353
2021-06-07,4284,0.1355,0.1353
2021-06-08,4439,0.1355,0.1353
2021-06-09,3935,0.1355,0.1353
2021-06-10,4496,0.1355,0.1353
2021-06-11,4229,0.1355,0.1353
2021-06-12,3988,0.1355,0.1353
2021-06-13,4101,0.1355,0.1353
2021-06-14,4208,0.1355,0.1353
2021-06-15,4095,0.1355,0.1353
2021-06-16,4171,0.1355,0.1353
2021-06-17,3862,0.1355,0.1353
2021-06-18,4064,0.1355,0.1353
2021-06-19,3730,0.1355,0.1353
2021-06-20,3974,0.1355,0.1353
2021-06-21,3798,0.1355,0.1353
2021-06-22,3815,0.1355,0.1353
2021-06-23,4193,0.1355,0.1353
2021-06-24,4147,0.1355,0.1353
2021-06-25,4033,0.1355,0.1353
2021-06-26,3676,0.1355,0.1353
2021-06-27,3814,0.1355,0.1353
2021-06-28,4102,0.1355,0.1353
2021-06-29,3871,0.1355,0.1353
2021-06-30,4289,0.1355,0.1353
2021-07-01,3887,0.4067,0.14
2021-07-02,3829,0.4067,0.14
2021-07-03,3712,0.4067,0.14
2021-07-04,3783,0.4067,0.14
2021-07-05,3709,0.4067,0.14
2021-07-06,3864,0.4067,0.14
2021-07-07,3896,0.4067,0.14
2021-07-08,3531,0.4067,0.14
2021-07-09,3405,0.4067,0.14
2021-07-10,3286,0.4067,0.14
2021-07-11,3738,0.4067,0.14
2021-07-12,3399,0.4067,0.14
2021-07-13,3172,0.4067,0.14
2021-07-14,3664,0.4067,0.14
2021-07-15,4068,0.4067,0.14
2021-07-16,3551,0.4067,0.14
2021-07-17,3704,0.4067,0.14
2021-07-18,3536,0.4067,0.14
2021-07-19,3483,0.4067,0.14
2021-07-20,3670,0.4067,0.14
2021-07-21,3412,0.4067,0.14
2021-07-22,3507,0.4067,0.14
2021-07-23,3502,0.4067,0.14
2021-07-24,3288,0.4067,0.14
2021-07-25,3604,0.4067,0.14
2021-07-26,3355,0.4067,0.14
2021-07-27,3223,0.4067,0.14
2021-07-28,3466,0.4067,0.14
2021-07-29,3164,0.4067,0.14
2021-07-30,3334,0.4067,0.14
2021-07-31,3311,0.4067,0.14
2021-08-01,3515,0.4586,0.0493
2021-08-02,3378,0.4586,0.0493
2021-08-03,3264,0.4586,0.0493
2021-08-04,3418,0.4586,0.0493
2021-08-05,3518,0.4586,0.0493
2021-08-06,3337,0.4586,0.0493
2021-08-07,3214,0.4586,0.0493
2021-08-08,2936,0.4586,0.0493
2021-08-09,2971,0.4586,0.0493
2021-08-10,3110,0.4586,0.0493
2021-08-11,3036,0.4586,0.0493
2021-08-12,3107,0.4586,0.0493
2021-08-13,3143,0.4586,0.0493
2021-08-14,3225,0.4586,0.0493
2021-08-15,3092,0.4586,0.0493
2021-08-16,3191,0.4586,0.0493
2021-08-17,3095,0.4586,0.0493
2021-08-18,2675,0.4586,0.0493
2021-08-19,2870,0.4586,0.0493
2021-08-20,3018,0.4586,0.0493
2021-08-21,2794,0.4586,0.0493
2021-08-22,3145,0.4586,0.0493
2021-08-23,3320,0.4586,0.0493
2021-08-24,3247,0.4586,0.0493
2021-08-25,2950,0.4586,0.0493
2021-08-26,3281,0.4586,0.0493
2021-08-27,3003,0.4586,0.0493
2021-08-28,2896,0.4586,0.0493
2021-08-29,2832,0.4586,0.0493
2021-08-30,2885,0.4586,0.0493
2021-08-31,2859,0.4586,0.0493
2021-09-01,2962,0.4747,0.1217
2021-09-02,2952,0.4747,0.1217
2021-09-03,2912,0.4747,0.1217
2021-09-04,2991,0.4747,0.1217
2021-09-05,3134,0.4747,0.1217
2021-09-06,3079,0.4747,0.1217
2021-09-07,2585,0.4747,0.1217
2021-09-08,2364,0.4747,0.1217
2021-09-09,3056,0.4747,0.1217
2021-09-10,2589,0.4747,0.1217
2021-09-11,2812,0.4747,0.1217
2021-09-12,2617,0.4747,0.1217
2021-09-13,2485,0.4747,0.1217
2021-09-14,2949,0.4747,0.1217
2021-09-15,2988,0.4747,0.1217
2021-09-16,2716,0.4747,0.1217
2021-09-17,2309,0.4747,0.1217
2021-09-18,2714,0.4747,0.1217
2021-09-19,2898,0.4747,0.1217
2021-09-20,2521,0.4747,0.1217
2021-09-21,2850,0.4747,0.1217
2021-09-22,2808,0.4747,0.1217
2021-09-23,2924,0.4747,0.1217
2021-09-24,2830,0.4747,0.1217
2021-09-25,2610,0.4747,0.1217
2021-09-26,3042,0.4747,0.1217
2021-09-27,2770,0.4747,0.1217
2021-09-28,2795,0.4747,0.1217
2021-09-29,2613,0.4747,0.1217
2021-09-30,2711,0.4747,0.1217
2021-10-01,2623,0.4821,0.1589
2021-10-02,2765,0.4821,0.1589
2021-10-03,3143,0.4821,0.1589
2021-10-04,2527,0.4821,0.1589
2021-10-05,2479,0.4821,0.1589
2021-10-06,3098,0.4821,0.1589
2021-10-07,2763,0.4821,0.1589
2021-10-08,2673,0.4821,0.1589
2021-10-09,3018,0.4821,0.1589
2021-10-10,2691,0.4821,0.1589
2021-10-11,3180,0.4821,0.1589
2021-10-12,2954,0.4821,0.1589
2021-10-13,2724,0.4821,0.1589
2021-10-14,3257,0.4821,0.1589
2021-10-15,2708,0.4821,0.1589
2021-10-16,2982,0.4821,0.1589
2021-10-17,2898,0.4821,0.1589
2021-10-18,3104,0.4821,0.1589
2021-10-19,3161,0.4821,0.1589
2021-10-20,2860,0.4821,0.1589
2021-10-21,2709,0.4821,0.1589
2021-10-22,2958,0.4821,0.1589
2021-10-23,2736,0.4821,0.1589
2021-10-24,3281,0.4821,0.1589
2021-10-25,2913,0.4821,0.1589
2021-10-26,2819,0.4821,0.1589
2021-10-27,2937,0.4821,0.1589
2021-10-28,2638,0.4821,0.1589
2021-10-29,2721,0.4821,0.1589
2021-10-30,3164,0.4821,0.1589
2021-10-31,2801,0.4821,0.1589
2021-11-01,2731,0.2847,0.1098
2021-11-02,3057,0.2847,0.1098
2021-11-03,3196,0.2847,0.1098
2021-11-04,3112,0.2847,0.1098
2021-11-05,3177,0.2847,0.1098
2021-11-06,2837,0.2847,0.1098
2021-11-07,2714,0.2847,0.1098
2021-11-08,3309,0.2847,0.1098
2021-11-09,2955,0.2847,0.1098
2021-11-10,2980,0.2847,0.1098
2021-11-11,3307,0.2847,0.1098
2021-11-12,3164,0.2847,0.1098
2021-11-13,3155,0.2847,0.1098
2021-11-14,3509,0.2847,0.1098
2021-11-15,2959,0.2847,0.1098
2021-11-16,3286,0.2847,0.1098
2021-11-17,3124,0.2847,0.1098
2021-11-18,3179,0.2847,0.1098
2021-11-19,3444,0.2847,0.1098
2021-11-20,3252,0.2847,0.1098
2021-11-21,3272,0.2847,0.1098
2021-11-22,3392,0.2847,0.1098
2021-11-23,3118,0.2847,0.1098
2021-11-24,3037,0.2847,0.1098
2021-11-25,3010,0.2847,0.1098
2021-11-26,2840,0.2847,0.1098
2021-11-27,3658,0.2847,0.1098
2021-11-28,3041,0.2847,0.1098
2021-11-29,3232,0.2847,0.1098
2021-11-30,3235,0.2847,0.1098
2021-12-01,3367,0.4898,0.0222
2021-12-02,3484,0.4898,0.0222
2021-12-03,3508,0.4898,0.0222
2021-12-04,3235,0.4898,0.0222
2021-12-05,3333,0.4898,0.0222
2021-12-06,3439,0.4898,0.0222
2021-12-07,3348,0.4898,0.0222
2021-12-08,3735,0.4898,0.0222
2021-12-09,3528,0.4898,0.0222
2021-12-10,3593,0.4898,0.0222
2021-12-11,3595,0.4898,0.0222
2021-12-12,3713,0.4898,0.0222
2021-12-13,3531,0.4898,0.0222
2021-12-14,3252,0.4898,0.0222
2021-12-15,3607,0.4898,0.0222
2021-12-16,3414,0.4898,0.0222
2021-12-17,3455,0.4898,0.0222
2021-12-18,3695,0.4898,0.0222
2021-12-19,3842,0.4898,0.0222
2021-12-20,3616,0.4898,0.0222
2021-12-21,3690,0.4898,0.0222
2021-12-22,3986,0.4898,0.0222
2021-12-23,3710,0.4898,0.0222
2021-12-24,4200,0.4898,0.0222
2021-12-25,3810,0.4898,0.0222
2021-12-26,3361,0.4898,0.0222
2021-12-27,3881,0.4898,0.0222
2021-12-28,3824,0.4898,0.0222
2021-12-29,4023,0.4898,0.0222
2021-12-30,3917,0.4898,0.0222
2021-12-31,3772,0.4898,0.0222
2022-01-01,3772,0.2466,0.1563
2022-01-02,3992,0.2466,0.1563
2022-01-03,3881,0.2466,0.1563
2022-01-04,3952,0.2466,0.1563
2022-01-05,4203,0.2466,0.1563
2022-01-06,4437,0.2466,0.1563
2022-01-07,4199,0.2466,0.1563
2022-01-08,3898,0.2466,0.1563
2022-01-09,4243,0.2466,0.1563
2022-01-10,4410,0.2466,0.1563
2022-01-11,4066,0.2466,0.1563
2022-01-12,4178,0.2466,0.1563
2022-01-13,4224,0.2466,0.1563
2022-01-14,4081,0.2466,0.1563
2022-01-15,4385,0.2466,0.1563
2022-01-16,4247,0.2466,0.1563
2022-01-17,4372,0.2466,0.1563
2022-01-18,4127,0.2466,0.1563
2022-01-19,4233,0.2466,0.1563
2022-01-20,4481,0.2466,0.1563
2022-01-21,4279,0.2466,0.1563
2022-01-22,4715,0.2466,0.1563
2022-01-23,4305,0.2466,0.1563
2022-01-24,4446,0.2466,0.1563
2022-01-25,4603,0.2466,0.1563
2022-01-26,4149,0.2466,0.1563
2022-01-27,4096,0.2466,0.1563
2022-01-28,4158,0.2466,0.1563
2022-01-29,4731,0.2466,0.1563
2022-01-30,4383,0.2466,0.1563
2022-01-31,5020,0.2466,0.1563
2022-02-01,4410,0.3171,0.0491
2022-02-02,4574,0.3171,0.0491
2022-02-03,4860,0.3171,0.0491
2022-02-04,4967,0.3171,0.0491
2022-02-05,4993,0.3171,0.0491
2022-02-06,4836,0.3171,0.0491
2022-02-07,4813,0.3171,0.0491
2022-02-08,4740,0.3171,0.0491
2022-02-09,4791,0.3171,0.0491
2022-02-10,4538,0.3171,0.0491
2022-02-11,4497,0.3171,0.0491
2022-02-12,4673,0.3171,0.0491
2022-02-13,4653,0.3171,0.0491
2022-02-14,4608,0.3171,0.0491
2022-02-15,4850,0.3171,0.0491
2022-02-16,4914,0.3171,0.0491
2022-02-17,4753,0.3171,0.0491
2022-02-18,5042,0.3171,0.0491
2022-02-19,4529,0.3171,0.0491
2022-02-20,4730,0.3171,0.0491
2022-02-21,4636,0.3171,0.0491
2022-02-22,4417,0.3171,0.0491
2022-02-23,4784,0.3171,0.0491
2022-02-24,4787,0.3171,0.0491
2022-02-25,5124,0.3171,0.0491
2022-02-26,4957,0.3171,0.0491
2022-02-27,4635,0.3171,0.0491
2022-02-28,5220,0.3171,0.0491
2022-03-01,5102,0.0829,0.1058
2022-03-02,4983,0.0829,0.1058
2022-03-03,4830,0.0829,0.1058
2022-03-04,4692,0.0829,0.1058
2022-03-05,4817,0.0829,0.1058
2022-03-06,5117,0.0829,0.1058
2022-03-07,5283,0.0829,0.1058
2022-03-08,5222,0.0829,0.1058
2022-03-09,4823,0.0829,0.1058
2022-03-10,4703,0.0829,0.1058
2022-03-11,4962,0.0829,0.1058
2022-03-12,4586,0.0829,0.1058
2022-03-13,5010,0.0829,0.1058
2022-03-14,4921,0.0829,0.1058
2022-03-15,4863,0.0829,0.1058
2022-03-16,4642,0.0829,0.1058
2022-03-17,5068,0.0829,0.1058
2022-03-18,4863,0.0829,0.1058
2022-03-19,4740,0.0829,0.1058
2022-03-20,4403,0.0829,0.1058
2022-03-21,4975,0.0829,0.1058
2022-03-22,5338,0.0829,0.1058
2022-03-23,5319,0.0829,0.1058
2022-03-24,4898,0.0829,0.1058
2022-03-25,4871,0.0829,0.1058
2022-03-26,5087,0.0829,0.1058
2022-03-27,4796,0.0829,0.1058
2022-03-28,5057,0.0829,0.1058
2022-03-29,5151,0.0829,0.1058
2022-03-30,5244,0.0829,0.1058
2022-03-31,4979,0.0829,0.1058
2022-04-01,4959,0.3301,0.1493
2022-04-02,4824,0.3301,0.1493
2022-04-03,4834,0.3301,0.1493
2022-04-04,4953,0.3301,0.1493
2022-04-05,5071,0.3301,0.1493
2022-04-06,5179,0.3301,0.1493
2022-04-07,4834,0.3301,0.1493
2022-04-08,5291,0.3301,0.1493
2022-04-09,4936,0.3301,0.1493
2022-04-10,4984,0.3301,0.1493
2022-04-11,4836,0.3301,0.1493
2022-04-12,4498,0.3301,0.1493
2022-04-13,5156,0.3301,0.1493
2022-04-14,5123,0.3301,0.1493
2022-04-15,4915,0.3301,0.1493
2022-04-16,4981,0.3301,0.1493
2022-04-17,5066,0.3301,0.1493
2022-04-18,4646,0.3301,0.1493
2022-04-19,4847,0.3301,0.1493
2022-04-20,5107,0.3301,0.1493
2022-04-21,4691,0.3301,0.1493
2022-04-22,4995,0.3301,0.1493
2022-04-23,4659,0.3301,0.1493
2022-04-24,5017,0.3301,0.1493
2022-04-25,4910,0.3301,0.1493
2022-04-26,4587,0.3301,0.1493
2022-04-27,5136,0.3301,0.1493
2022-04-28,4748,0.3301,0.1493
2022-04-29,4726,0.3301,0.1493
2022-04-30,4920,0.3301,0.1493
2022-05-01,5101,0.4915,0.0645
2022-05-02,4659,0.4915,0.0645
2022-05-03,4866,0.4915,0.0645
2022-05-04,4931,0.4915,0.0645
2022-05-05,4974,0.4915,0.0645
2022-05-06,4861,0.4915,0.0645
2022-05-07,4743,0.4915,0.0645
2022-05-08,4640,0.4915,0.0645
2022-05-09,4813,0.4915,0.0645
2022-05-10,4571,0.4915,0.0645
2022-05-11,4190,0.4915,0.0645
2022-05-12,4851,0.4915,0.0645
2022-05-13,4933,0.4915,0.0645
2022-05-14,4268,0.4915,0.0645
2022-05-15,4527,0.4915,0.0645
2022-05-16,4841,0.4915,0.0645
2022-05-17,5117,0.4915,0.0645
2022-05-18,4697,0.4915,0.0645
2022-05-19,4535,0.4915,0.0645
2022-05-20,4631,0.4915,0.0645
2022-05-21,4930,0.4915,0.0645
2022-05-22,4512,0.4915,0.0645
2022-05-23,4468,0.4915,0.0645
2022-05-24,4518,0.4915,0.0645
2022-05-25,4410,0.4915,0.0645
2022-05-26,4612,0.4915,0.0645
2022-05-27,4898,0.4915,0.0645
2022-05-28,4624,0.4915,0.0645
2022-05-29,4494,0.4915,0.0645
2022-05-30,4472,0.4915,0.0645
2022-05-31,4203,0.4915,0.0645
2022-06-01,4677,0.1355,0.1353
2022-06-02,4470,0.1355,0.1353
2022-06-03,4435,0.1355,0.1353
2022-06-04,5094,0.1355,0.1353
2022-06-05,4500,0.1355,0.1353
2022-06-06,4274,0.1355,0.1353
2022-06-07,4324,0.1355,0.1353
2022-06-08,4623,0.1355,0.1353
2022-06-09,4400,0.1355,0.1353
2022-06-10,4074,0.1355,0.1353
2022-06-11,4529,0.1355,0.1353
2022-06-12,4195,0.1355,0.1353
2022-06-13,4687,0.1355,0.1353
2022-06-14,4512,0.1355,0.1353
2022-06-15,4190,0.1355,0.1353
2022-06-16,4519,0.1355,0.1353
2022-06-17,4260,0.1355,0.1353
2022-06-18,4400,0.1355,0.1353
2022-06-19,4310,0.1355,0.1353
2022-06-20,4027,0.1355,0.1353
2022-06-21,4051,0.1355,0.1353
2022-06-22,4368,0.1355,0.1353
2022-06-23,4078,0.1355,0.1353
2022-06-24,4048,0.1355,0.1353
2022-06-25,3920,0.1355,0.1353
2022-06-26,4179,0.1355,0.1353
2022-06-27,4489,0.1355,0.1353
2022-06-28,3846,0.1355,0.1353
2022-06-29,4047,0.1355,0.1353
2022-06-30,4308,0.1355,0.1353
2022-07-01,3992,0.4067,0.14
2022-07-02,4081,0.4067,0.14
2022-07-03,3761,0.4067,0.14
2022-07-04,4042,0.4067,0.14
2022-07-05,3902,0.4067,0.14
2022-07-06,4119,0.4067,0.14
2022-07-07,4142,0.4067,0.14
2022-07-08,4406,0.4067,0.14
2022-07-09,3987,0.4067,0.14
2022-07-10,3919,0.4067,0.14
2022-07-11,3876,0.4067,0.14
2022-07-12,3749,0.4067,0.14
2022-07-13,3871,0.4067,0.14
2022-07-14,3727,0.4067,0.14
2022-07-15,3803,0.4067,0.14
2022-07-16,4016,0.4067,0.14
2022-07-17,3535,0.4067,0.14
2022-07-18,3947,0.4067,0.14
2022-07-19,3966,0.4067,0.14
2022-07-20,3663,0.4067,0.14
2022-07-21,3246,0.4067,0.14
2022-07-22,3532,0.4067,0.14
2022-07-23,3897,0.4067,0.14
2022-07-24,3617,0.4067,0.14
2022-07-25,3406,0.4067,0.14
2022-07-26,3489,0.4067,0.14
2022-07-27,3743,0.4067,0.14
2022-07-28,3668,0.4067,0.14
2022-07-29,3496,0.4067,0.14
2022-07-30,3455,0.4067,0.14
2022-07-31,3435,0.4067,0.14
2022-08-01,3314,0.4586,0.0493
2022-08-02,3807,0.4586,0.0493
2022-08-03,3404,0.4586,0.0493
2022-08-04,3698,0.4586,0.0493
2022-08-05,3744,0.4586,0.0493
2022-08-06,3625,0.4586,0.0493
2022-08-07,3325,0.4586,0.0493
2022-08-08,3479,0.4586,0.0493
2022-08-09,3379,0.4586,0.0493
2022-08-10,3190,0.4586,0.0493
2022-08-11,3422,0.4586,0.0493
2022-08-12,3109,0.4586,0.0493
2022-08-13,3569,0.4586,0.0493
2022-08-14,3226,0.4586,0.0493
2022-08-15,3346,0.4586,0.0493
2022-08-16,3351,0.4586,0.0493
2022-08-17,3230,0.4586,0.0493
2022-08-18,3387,0.4586,0.0493
2022-08-19,3163,0.4586,0.0493
2022-08-20,3421,0.4586,0.0493
2022-08-21,2966,0.4586,0.0493
2022-08-22,3250,0.4586,0.0493
2022-08-23,3602,0.4586,0.0493
2022-08-24,3003,0.4586,0.0493
2022-08-25,3057,0.4586,0.0493
2022-08-26,3286,0.4586,0.0493
2022-08-27,3209,0.4586,0.0493
2022-08-28,3234,0.4586,0.0493
2022-08-29,3252,0.4586,0.0493
2022-08-30,3272,0.4586,0.0493
2022-08-31,3358,0.4586,0.0493
2022-09-01,3210,0.4747,0.1217
2022-09-02,3071,0.4747,0.1217
2022-09-03,3246,0.4747,0.1217
2022-09-04,3484,0.4747,0.1217
2022-09-05,3070,0.4747,0.1217
2022-09-06,2894,0.4747,0.1217
2022-09-07,3303,0.4747,0.1217
2022-09-08,3051,0.4747,0.1217
2022-09-09,2634,0.4747,0.1217
2022-09-10,3232,0.4747,0.1217
2022-09-11,2950,0.4747,0.1217
2022-09-12,3033,0.4747,0.1217
2022-09-13,3112,0.4747,0.1217
2022-09-14,3079,0.4747,0.1217
2022-09-15,3178,0.4747,0.1217
2022-09-16,2944,0.4747,0.1217
2022-09-17,3130,0.4747,0.1217
2022-09-18,2972,0.4747,0.1217
2022-09-19,3168,0.4747,0.1217
2022-09-20,3140,0.4747,0.1217
2022-09-21,2826,0.4747,0.1217
2022-09-22,3228,0.4747,0.1217
2022-09-23,2901,0.4747,0.1217
2022-09-24,3168,0.4747,0.1217
2022-09-25,3078,0.4747,0.1217
2022-09-26,3370,0.4747,0.1217
2022-09-27,2957,0.4747,0.1217
2022-09-28,2931,0.4747,0.1217
2022-09-29,2996,0.4747,0.1217
2022-09-30,2939,0.4747,0.1217
2022-10-01,3159,0.4821,0.1589
2022-10-02,2676,0.4821,0.1589
2022-10-03,2790,0.4821,0.1589
2022-10-04,2788,0.4821,0.1589
2022-10-05,3192,0.4821,0.1589
2022-10-06,3346,0.4821,0.1589
2022-10-07,2984,0.4821,0.1589
2022-10-08,2974,0.4821,0.1589
2022-10-09,3024,0.4821,0.1589
2022-10-10,3245,0.4821,0.1589
2022-10-11,2830,0.4821,0.1589
2022-10-12,3066,0.4821,0.1589
2022-10-13,3217,0.4821,0.1589
2022-10-14,3126,0.4821,0.1589
2022-10-15,3067,0.4821,0.1589
2022-10-16,3234,0.4821,0.1589
2022-10-17,2498,0.4821,0.1589
2022-10-18,3179,0.4821,0.1589
2022-10-19,2918,0.4821,0.1589
2022-10-20,2688,0.4821,0.1589
2022-10-21,3162,0.4821,0.1589
2022-10-22,3340,0.4821,0.1589
2022-10-23,3044,0.4821,0.1589
2022-10-24,3269,0.4821,0.1589
2022-10-25,3408,0.4821,0.1589
2022-10-26,3355,0.4821,0.1589
2022-10-27,3428,0.4821,0.1589
2022-10-28,3256,0.4821,0.1589
2022-10-29,3131,0.4821,0.1589
2022-10-30,2803,0.4821,0.1589
2022-10-31,3083,0.4821,0.1589
2022-11-01,2972,0.2847,0.1098
2022-11-02,3584,0.2847,0.1098
2022-11-03,3124,0.2847,0.1098
2022-11-04,3193,0.2847,0.1098
2022-11-05,3288,0.2847,0.1098
2022-11-06,3197,0.2847,0.1098
2022-11-07,3537,0.2847,0.1098
2022-11-08,3084,0.2847,0.1098
2022-11-09,3258,0.2847,0.1098
2022-11-10,3082,0.2847,0.1098
2022-11-11,2977,0.2847,0.1098
2022-11-12,3130,0.2847,0.1098
2022-11-13,3257,0.2847,0.1098
2022-11-14,3190,0.2847,0.1098
2022-11-15,3149,0.2847,0.1098
2022-11-16,3019,0.2847,0.1098
2022-11-17,3296,0.2847,0.1098
2022-11-18,3024,0.2847,0.1098
2022-11-19,3490,0.2847,0.1098
2022-11-20,3367,0.2847,0.1098
2022-11-21,3073,0.2847,0.1098
2022-11-22,3316,0.2847,0.1098
2022-11-23,3241,0.2847,0.1098
2022-11-24,3469,0.2847,0.1098
2022-11-25,3687,0.2847,0.1098
2022-11-26,3058,0.2847,0.1098
2022-11-27,3470,0.2847,0.1098
2022-11-28,3429,0.2847,0.1098
2022-11-29,3610,0.2847,0.1098
2022-11-30,3533,0.2847,0.1098
2022-12-01,3355,0.4898,0.0222
2022-12-02,3457,0.4898,0.0222
2022-12-03,3377,0.4898,0.0222
2022-12-04,3766,0.4898,0.0222
2022-12-05,3571,0.4898,0.0222
2022-12-06,3963,0.4898,0.0222
2022-12-07,3586,0.4898,0.0222
2022-12-08,3472,0.4898,0.0222
2022-12-09,3327,0.4898,0.0222
2022-12-10,3285,0.4898,0.0222
2022-12-11,3345,0.4898,0.0222
2022-12-12,3732,0.4898,0.0222
2022-12-13,3796,0.4898,0.0222
2022-12-14,3395,0.4898,0.0222
2022-12-15,3907,0.4898,0.0222
2022-12-16,3648,0.4898,0.0222
2022-12-17,3790,0.4898,0.0222
2022-12-18,4100,0.4898,0.0222
2022-12-19,3974,0.4898,0.0222
2022-12-20,3758,0.4898,0.0222
2022-12-21,3650,0.4898,0.0222
2022-12-22,3415,0.4898,0.0222
2022-12-23,3718,0.4898,0.0222
2022-12-24,3837,0.4898,0.0222
2022-12-25,3699,0.4898,0.0222
2022-12-26,3887,0.4898,0.0222
2022-12-27,3946,0.4898,0.0222
2022-12-28,3903,0.4898,0.0222
2022-12-29,3835,0.4898,0.0222
2022-12-30,4016,0.4898,0.0222
2022-12-31,4088,0.4898,0.0222
2023-01-01,3999,0.2466,0.1563
2023-01-02,4516,0.2466,0.1563
2023-01-03,4231,0.2466,0.1563
2023-01-04,4272,0.2466,0.1563
2023-01-05,4427,0.2466,0.1563
2023-01-06,4349,0.2466,0.1563
2023-01-07,4510,0.2466,0.1563
2023-01-08,4394,0.2466,0.1563
2023-01-09,4231,0.2466,0.1563
2023-01-10,4443,0.2466,0.1563
2023-01-11,4159,0.2466,0.1563
2023-01-12,4426,0.2466,0.1563
2023-01-13,4415,0.2466,0.1563
2023-01-14,4397,0.2466,0.1563
2023-01-15,4429,0.2466,0.1563
2023-01-16,4095,0.2466,0.1563
2023-01-17,4378,0.2466,0.1563
2023-01-18,4523,0.2466,0.1563
2023-01-19,4553,0.2466,0.1563
2023-01-20,4331,0.2466,0.1563
2023-01-21,4806,0.2466,0.1563
2023-01-22,4396,0.2466,0.1563
2023-01-23,4779,0.2466,0.1563
2023-01-24,4686,0.2466,0.1563
2023-01-25,4487,0.2466,0.1563
2023-01-26,4987,0.2466,0.1563
2023-01-27,4409,0.2466,0.1563
2023-01-28,4847,0.2466,0.1563
2023-01-29,4878,0.2466,0.1563
2023-01-30,4559,0.2466,0.1563
2023-01-31,4987,0.2466,0.1563
2023-02-01,4673,0.3171,0.0491
2023-02-02,4795,0.3171,0.0491
2023-02-03,4804,0.3171,0.0491
2023-02-04,4739,0.3171,0.0491
2023-02-05,4942,0.3171,0.0491
2023-02-06,4953,0.3171,0.0491
2023-02-07,4458,0.3171,0.0491
2023-02-08,5082,0.3171,0.0491
2023-02-09,4502,0.3171,0.0491
2023-02-10,5055,0.3171,0.0491
2023-02-11,5086,0.3171,0.0491
2023-02-12,4656,0.3171,0.0491
2023-02-13,4804,0.3171,0.0491
2023-02-14,4678,0.3171,0.0491
2023-02-15,4868,0.3171,0.0491
2023-02-16,4862,0.3171,0.0491
2023-02-17,5091,0.3171,0.0491
2023-02-18,5209,0.3171,0.0491
2023-02-19,5237,0.3171,0.0491
2023-02-20,4856,0.3171,0.0491
2023-02-21,4938,0.3171,0.0491
2023-02-22,4654,0.3171,0.0491
2023-02-23,4840,0.3171,0.0491
2023-02-24,5204,0.3171,0.0491
2023-02-25,5344,0.3171,0.0491
2023-02-26,4784,0.3171,0.0491
2023-02-27,4922,0.3171,0.0491
2023-02-28,5044,0.3171,0.0491
2023-03-01,5114,0.0829,0.1058
2023-03-02,4905,0.0829,0.1058
2023-03-03,5160,0.0829,0.1058
2023-03-04,4989,0.0829,0.1058
2023-03-05,5089,0.0829,0.1058
2023-03-06,5208,0.0829,0.1058
2023-03-07,5108,0.0829,0.1058
2023-03-08,5026,0.0829,0.1058
2023-03-09,5099,0.0829,0.1058
2023-03-10,5109,0.0829,0.1058
2023-03-11,5059,0.0829,0.1058
2023-03-12,5088,0.0829,0.1058
2023-03-13,5465,0.0829,0.1058
2023-03-14,5263,0.0829,0.1058
2023-03-15,5097,0.0829,0.1058
2023-03-16,5300,0.0829,0.1058
2023-03-17,5098,0.0829,0.1058
2023-03-18,5404,0.0829,0.1058
2023-03-19,5248,0.0829,0.1058
2023-03-20,5156,0.0829,0.1058
2023-03-21,5270,0.0829,0.1058
2023-03-22,4870,0.0829,0.1058
2023-03-23,4961,0.0829,0.1058
2023-03-24,4951,0.0829,0.1058
2023-03-25,5220,0.0829,0.1058
2023-03-26,5540,0.0829,0.1058
2023-03-27,5642,0.0829,0.1058
2023-03-28,5324,0.0829,0.1058
2023-03-29,5298,0.0829,0.1058
2023-03-30,4839,0.0829,0.1058
2023-03-31,5091,0.0829,0.1058
2023-04-01,5042,0.3301,0.1493
2023-04-02,5075,0.3301,0.1493
2023-04-03,5165,0.3301,0.1493
2023-04-04,5104,0.3301,0.1493
2023-04-05,4802,0.3301,0.1493
2023-04-06,5346,0.3301,0.1493
2023-04-07,4980,0.3301,0.1493
2023-04-08,5241,0.3301,0.1493
2023-04-09,5605,0.3301,0.1493
2023-04-10,5004,0.3301,0.1493
2023-04-11,4679,0.3301,0.1493
2023-04-12,5125,0.3301,0.1493
2023-04-13,5399,0.3301,0.1493
2023-04-14,5567,0.3301,0.1493
2023-04-15,4926,0.3301,0.1493
2023-04-16,5267,0.3301,0.1493
2023-04-17,5070,0.3301,0.1493
2023-04-18,5137,0.3301,0.1493
2023-04-19,5682,0.3301,0.1493
2023-04-20,4847,0.3301,0.1493
2023-04-21,5193,0.3301,0.1493
2023-04-22,5230,0.3301,0.1493
2023-04-23,5347,0.3301,0.1493
2023-04-24,5143,0.3301,0.1493
2023-04-25,5179,0.3301,0.1493
2023-04-26,5032,0.3301,0.1493
2023-04-27,5157,0.3301,0.1493
2023-04-28,5027,0.3301,0.1493
2023-04-29,5212,0.3301,0.1493
2023-04-30,5006,0.3301,0.1493
2023-05-01,5147,0.4915,0.0645
2023-05-02,5057,0.4915,0.0645
2023-05-03,5279,0.4915,0.0645
2023-05-04,5034,0.4915,0.0645
2023-05-05,4681,0.4915,0.0645
2023-05-06,5278,0.4915,0.0645
2023-05-07,4835,0.4915,0.0645
2023-05-08,4875,0.4915,0.0645
2023-05-09,4877,0.4915,0.0645
2023-05-10,5260,0.4915,0.0645
2023-05-11,4547,0.4915,0.0645
2023-05-12,5591,0.4915,0.0645
2023-05-13,5163,0.4915,0.0645
2023-05-14,4985,0.4915,0.0645
2023-05-15,4918,0.4915,0.0645
2023-05-16,4974,0.4915,0.0645
2023-05-17,5009,0.4915,0.0645
2023-05-18,5022,0.4915,0.0645
2023-05-19,4991,0.4915,0.0645
2023-05-20,4885,0.4915,0.0645
2023-05-21,4815,0.4915,0.0645
2023-05-22,4811,0.4915,0.0645
2023-05-23,4789,0.4915,0.0645
2023-05-24,5042,0.4915,0.0645
2023-05-25,4920,0.4915,0.0645
2023-05-26,4199,0.4915,0.0645
2023-05-27,4904,0.4915,0.0645
2023-05-28,4798,0.4915,0.0645
2023-05-29,4741,0.4915,0.0645
2023-05-30,4653,0.4915,0.0645
2023-05-31,4940,0.4915,0.0645
2023-06-01,4890,0.1355,0.1353
2023-06-02,4531,0.1355,0.1353
2023-06-03,4752,0.1355,0.1353
2023-06-04,4461,0.1355,0.1353
2023-06-05,4364,0.1355,0.1353
2023-06-06,4499,0.1355,0.1353
2023-06-07,4781,0.1355,0.1353
2023-06-08,4784,0.1355,0.1353
2023-06-09,4680,0.1355,0.1353
2023-06-10,4706,0.1355,0.1353
2023-06-11,4648,0.1355,0.1353
2023-06-12,4401,0.1355,0.1353
2023-06-13,4599,0.1355,0.1353
2023-06-14,4656,0.1355,0.1353
2023-06-15,4631,0.1355,0.1353
2023-06-16,4701,0.1355,0.1353
2023-06-17,4588,0.1355,0.1353
2023-06-18,4500,0.1355,0.1353
2023-06-19,4627,0.1355,0.1353
2023-06-20,4391,0.1355,0.1353
2023-06-21,4203,0.1355,0.1353
2023-06-22,4330,0.1355,0.1353
2023-06-23,4196,0.1355,0.1353
2023-06-24,4193,0.1355,0.1353
2023-06-25,4282,0.1355,0.1353
2023-06-26,4136,0.1355,0.1353
2023-06-27,4215,0.1355,0.1353
2023-06-28,3881,0.1355,0.1353
2023-06-29,4285,0.1355,0.1353
2023-06-30,4226,0.1355,0.1353
2023-07-01,4045,0.4067,0.14
2023-07-02,4323,0.4067,0.14
2023-07-03,4361,0.4067,0.14
2023-07-04,3835,0.4067,0.14
2023-07-05,3987,0.4067,0.14
2023-07-06,3968,0.4067,0.14
2023-07-07,3917,0.4067,0.14
2023-07-08,4254,0.4067,0.14
2023-07-09,4032,0.4067,0.14
2023-07-10,4001,0.4067,0.14
2023-07-11,3636,0.4067,0.14
2023-07-12,4147,0.4067,0.14
2023-07-13,3755,0.4067,0.14
2023-07-14,3998,0.4067,0.14
2023-07-15,4025,0.4067,0.14
2023-07-16,4225,0.4067,0.14
2023-07-17,3674,0.4067,0.14
2023-07-18,3315,0.4067,0.14
2023-07-19,3940,0.4067,0.14
2023-07-20,4246,0.4067,0.14
2023-07-21,4118,0.4067,0.14
2023-07-22,3896,0.4067,0.14
2023-07-23,3739,0.4067,0.14
2023-07-24,3983,0.4067,0.14
2023-07-25,3611,0.4067,0.14
2023-07-26,3885,0.4067,0.14
2023-07-27,3876,0.4067,0.14
2023-07-28,3971,0.4067,0.14
2023-07-29,4296,0.4067,0.14
2023-07-30,3807,0.4067,0.14
2023-07-31,3611,0.4067,0.14
2023-08-01,3693,0.4586,0.0493
2023-08-02,3330,0.4586,0.0493
2023-08-03,3530,0.4586,0.0493
2023-08-04,3572,0.4586,0.0493
2023-08-05,3535,0.4586,0.0493
2023-08-06,3656,0.4586,0.0493
2023-08-07,3447,0.4586,0.0493
2023-08-08,3822,0.4586,0.0493
2023-08-09,3584,0.4586,0.0493
2023-08-10,3569,0.4586,0.0493
2023-08-11,3492,0.4586,0.0493
2023-08-12,3575,0.4586,0.0493
2023-08-13,3696,0.4586,0.0493
2023-08-14,3345,0.4586,0.0493
2023-08-15,3375,0.4586,0.0493
2023-08-16,3433,0.4586,0.0493
2023-08-17,3213,0.4586,0.0493
2023-08-18,3306,0.4586,0.0493
2023-08-19,3363,0.4586,0.0493
2023-08-20,3622,0.4586,0.0493
2023-08-21,3488,0.4586,0.0493
2023-08-22,3463,0.4586,0.0493
2023-08-23,3584,0.4586,0.0493
2023-08-24,3376,0.4586,0.0493
2023-08-25,3471,0.4586,0.0493
2023-08-26,3362,0.4586,0.0493
2023-08-27,3426,0.4586,0.0493
2023-08-28,3247,0.4586,0.0493
2023-08-29,2866,0.4586,0.0493
2023-08-30,3318,0.4586,0.0493
2023-08-31,3621,0.4586,0.0493
2023-09-01,3513,0.4747,0.1217
2023-09-02,3513,0.4747,0.1217
2023-09-03,3559,0.4747,0.1217
2023-09-04,3321,0.4747,0.1217
2023-09-05,3336,0.4747,0.1217
2023-09-06,3165,0.4747,0.1217
2023-09-07,3219,0.4747,0.1217
2023-09-08,3398,0.4747,0.1217
2023-09-09,3510,0.4747,0.1217
2023-09-10,3235,0.4747,0.1217
2023-09-11,3167,0.4747,0.1217
2023-09-12,3251,0.4747,0.1217
2023-09-13,3366,0.4747,0.1217
2023-09-14,2952,0.4747,0.1217
2023-09-15,2777,0.4747,0.1217
2023-09-16,3121,0.4747,0.1217
2023-09-17,2983,0.4747,0.1217
2023-09-18,3122,0.4747,0.1217
2023-09-19,3190,0.4747,0.1217
2023-09-20,3126,0.4747,0.1217
2023-09-21,3504,0.4747,0.1217
2023-09-22,3276,0.4747,0.1217
2023-09-23,3268,0.4747,0.1217
2023-09-24,3331,0.4747,0.1217
2023-09-25,2977,0.4747,0.1217
2023-09-26,3411,0.4747,0.1217
2023-09-27,3186,0.4747,0.1217
2023-09-28,3335,0.4747,0.1217
2023-09-29,2986,0.4747,0.1217
2023-09-30,2889,0.4747,0.1217
2023-10-01,3363,0.4821,0.1589
2023-10-02,3275,0.4821,0.1589
2023-10-03,3020,0.4821,0.1589
2023-10-04,3027,0.4821,0.1589
2023-10-05,3427,0.4821,0.1589
2023-10-06,2966,0.4821,0.1589
2023-10-07,3534,0.4821,0.1589
2023-10-08,3027,0.4821,0.1589
2023-10-09,3337,0.4821,0.1589
2023-10-10,3146,0.4821,0.1589
2023-10-11,3336,0.4821,0.1589
2023-10-12,3109,0.4821,0.1589
2023-10-13,3189,0.4821,0.1589
2023-10-14,3234,0.4821,0.1589
2023-10-15,3029,0.4821,0.1589
2023-10-16,3382,0.4821,0.1589
2023-10-17,3136,0.4821,0.1589
2023-10-18,3198,0.4821,0.1589
2023-10-19,3050,0.4821,0.1589
2023-10-20,2741,0.4821,0.1589
2023-10-21,3221,0.4821,0.1589
2023-10-22,3748,0.4821,0.1589
2023-10-23,3429,0.4821,0.1589
2023-10-24,3275,0.4821,0.1589
2023-10-25,3233,0.4821,0.1589
2023-10-26,3297,0.4821,0.1589
2023-10-27,3409,0.4821,0.1589
2023-10-28,3071,0.4821,0.1589
2023-10-29,3538,0.4821,0.1589
2023-10-30,3467,0.4821,0.1589
2023-10-31,3476,0.4821,0.1589
2023-11-01,3428,0.2847,0.1098
2023-11-02,3354,0.2847,0.1098
2023-11-03,3493,0.2847,0.1098
2023-11-04,3487,0.2847,0.1098
2023-11-05,3307,0.2847,0.1098
2023-11-06,3273,0.2847,0.1098
2023-11-07,3419,0.2847,0.1098
2023-11-08,3718,0.2847,0.1098
2023-11-09,3171,0.2847,0.1098
2023-11-10,3137,0.2847,0.1098
2023-11-11,3474,0.2847,0.1098
2023-11-12,3463,0.2847,0.1098
2023-11-13,3499,0.2847,0.1098
2023-11-14,3525,0.2847,0.1098
2023-11-15,3443,0.2847,0.1098
2023-11-16,3798,0.2847,0.1098
2023-11-17,3192,0.2847,0.1098
2023-11-18,3359,0.2847,0.1098
2023-11-19,3517,0.2847,0.1098
2023-11-20,3222,0.2847,0.1098
2023-11-21,3529,0.2847,0.1098
2023-11-22,3910,0.2847,0.1098
2023-11-23,3595,0.2847,0.1098
2023-11-24,3651,0.2847,0.1098
2023-11-25,3367,0.2847,0.1098
2023-11-26,3510,0.2847,0.1098
2023-11-27,3572,0.2847,0.1098
2023-11-28,3598,0.2847,0.1098
2023-11-29,3932,0.2847,0.1098
2023-11-30,3802,0.2847,0.1098
2023-12-01,3483,0.4898,0.0222
2023-12-02,3770,0.4898,0.0222
2023-12-03,3836,0.4898,0.0222
2023-12-04,3979,0.4898,0.0222
2023-12-05,4083,0.4898,0.0222
2023-12-06,3579,0.4898,0.0222
2023-12-07,3636,0.4898,0.0222
2023-12-08,3562,0.4898,0.0222
2023-12-09,3783,0.4898,0.0222
2023-12-10,3939,0.4898,0.0222
2023-12-11,4059,0.4898,0.0222
2023-12-12,3863,0.4898,0.0222
2023-12-13,3831,0.4898,0.0222
2023-12-14,3941,0.4898,0.0222
2023-12-15,3761,0.4898,0.0222
2023-12-16,4362,0.4898,0.0222
2023-12-17,3639,0.4898,0.0222
2023-12-18,4015,0.4898,0.0222
2023-12-19,4399,0.4898,0.0222
2023-12-20,4013,0.4898,0.0222
2023-12-21,3990,0.4898,0.0222
2023-12-22,3974,0.4898,0.0222
2023-12-23,4026,0.4898,0.0222
2023-12-24,4354,0.4898,0.0222
2023-12-25,3654,0.4898,0.0222
2023-12-26,4420,0.4898,0.0222
2023-12-27,3846,0.4898,0.0222
2023-12-28,4095,0.4898,0.0222
2023-12-29,4079,0.4898,0.0222
2023-12-30,4300,0.4898,0.0222
2023-12-31,3880,0.4898,0.0222
